"TableName","Ordinal","ColumnName","DataType","MaxLength","Precision","Scale","Nullable","Default"
"AdditionalProperty_Table","1","405","Integer","","10","","True","0"
"AdditionalProperty_Table","2","2","Integer","","10","","True","0"
"AdditionalProperty_Table","3","202","Integer","","10","","True","0"
"AdditionalProperty_Table","4","6","Date","","","","True","#1/1/1990#"
"AnalysisOperation_Table","1","2","Integer","","10","","False","0"
"AnalysisOperation_Table","2","1","WChar","80","","","True",""
"AnalysisOperation_Table","3","1800","Boolean","2","","","False",""
"AnalysisOperation_Table","4","1801","Boolean","2","","","False",""
"AnalysisOperation_Table","5","1802","Boolean","2","","","False",""
"AnalysisOperation_Table","6","1803","Boolean","2","","","False",""
"AnalysisOperation_Table","7","20","WChar","50","","","True",""
"AnalysisOperation_Table","8","21","Boolean","2","","","False",""
"AnalysisOperation_Table","9","22","Boolean","2","","","False","0"
"AnalysisOperation_Table","10","6","Date","","","","True","#1/1/1990#"
"AssocAttributeDefinition_Table","1","2","Integer","","10","","True","0"
"AssocAttributeDefinition_Table","2","1","WChar","80","","","True",""
"AssocAttributeDefinition_Table","3","1000","Integer","","10","","True","0"
"AssocAttributeDefinition_Table","4","1021","Integer","","10","","True","0"
"AssocAttributeDefinition_Table","5","1022","Boolean","2","","","False",""
"AssocAttributeDefinition_Table","6","1001","WChar","60","","","True",""
"AssocAttributeDefinition_Table","7","1600","Integer","","10","","True","0"
"AssocAttributeDefinition_Table","8","1601","Double","","15","","True","0"
"AssocAttributeDefinition_Table","9","1602","Double","","15","","True","0"
"AssocAttributeDefinition_Table","10","1603","Integer","","10","","True","0"
"AssocAttributeDefinition_Table","11","1604","WChar","100","","","True",""
"AssocAttributeDefinition_Table","12","1605","Boolean","2","","","False",""
"AssocAttributeDefinition_Table","13","1031","WChar","50","","","True",""
"AssocAttributeDefinition_Table","14","1032","WChar","50","","","True",""
"AssocAttributeDefinition_Table","15","21","Boolean","2","","","False",""
"AssocAttributeDefinition_Table","16","6","Date","","","","True","#1/1/1990#"
"AssocDatasetTable","1","2","Integer","","10","","False",""
"AssocDatasetTable","2","1400","Integer","","10","","True","0"
"AssocDatasetTable","3","1","WChar","80","","","True",""
"AssocDatasetTable","4","2301","Boolean","2","","","False",""
"AssocDatasetTable","5","304","Boolean","2","","","False",""
"AssocDatasetTable","6","21","Boolean","2","","","False",""
"AssocDatasetTable","7","6","Date","","","","True","#1/1/1990#"
"AssocFiling_Table","1","2","Integer","","10","","True","0"
"AssocFiling_Table","2","1400","Integer","","10","","True","0"
"AssocFiling_Table","3","405","Integer","","10","","True","-1"
"AssocFiling_Table","4","100","Integer","","10","","True","-1"
"AssocFiling_Table","5","101","Integer","","10","","True","-1"
"AssocFiling_Table","6","102","Integer","","10","","True","-1"
"AssocFiling_Table","7","103","Integer","","10","","True","-1"
"AssocFiling_Table","8","104","Integer","","10","","True","-1"
"AssocFiling_Table","9","105","Integer","","10","","True","-1"
"AssocFiling_Table","10","106","Integer","","10","","True","-1"
"AssocFiling_Table","11","107","Integer","","10","","True","-1"
"AssocFiling_Table","12","108","Integer","","10","","True","-1"
"AssocFiling_Table","13","109","Integer","","10","","True","-1"
"AssocFiling_Table","14","110","Integer","","10","","True","-1"
"AssocFiling_Table","15","111","Integer","","10","","True","-1"
"AssocFiling_Table","16","112","Integer","","10","","True","-1"
"AssocFiling_Table","17","113","Integer","","10","","True","-1"
"AssocFiling_Table","18","1402","Integer","","10","","True","-1"
"AssocFiling_Table","19","21","Boolean","2","","","False",""
"AssocFiling_Table","20","6","Date","","","","True","#1/1/1990#"
"AssociatedType_Table","1","2","Integer","","10","","True","0"
"AssociatedType_Table","2","1","WChar","80","","","True",""
"AssociatedType_Table","3","1008","Boolean","2","","","False",""
"AssociatedType_Table","4","2200","Boolean","2","","","False",""
"AssociatedType_Table","5","2201","Boolean","2","","","False",""
"AssociatedType_Table","6","21","Boolean","2","","","False",""
"AssociatedType_Table","7","6","Date","","","","True","#1/1/1990#"
"AssocSubclass_Table","1","2","Integer","","10","","False",""
"AssocSubclass_Table","2","1","WChar","80","","","True",""
"AssocSubclass_Table","3","1400","Integer","","10","","True","0"
"AssocSubclass_Table","4","21","Boolean","2","","","False",""
"AssocSubclass_Table","5","6","Date","","","","True","#1/1/1990#"
"AttributeChart3DSettings","1","112","Integer","","10","","True","0"
"AttributeChart3DSettings","2","201","Integer","","10","","True","0"
"AttributeChart3DSettings","3","1501","Integer","","10","","True","1"
"AttributeChart3DSettings","4","6","Date","","","","True","#1/1/1990#"
"AttributeGrouping_Table","1","2","Integer","","10","","True","0"
"AttributeGrouping_Table","2","1","WChar","80","","","True",""
"AttributeGrouping_Table","3","1008","Boolean","2","","","False",""
"AttributeGrouping_Table","4","21","Boolean","2","","","False",""
"AttributeGrouping_Table","5","20","WChar","50","","","True",""
"AttributeGrouping_Table","6","6","Date","","","","True",""
"AttributeMapSettings","1","112","Integer","","10","","True","0"
"AttributeMapSettings","2","201","Integer","","10","","True","0"
"AttributeMapSettings","3","1500","Integer","","10","","True","0"
"AttributeMapSettings","4","1011","Integer","","10","","True","0"
"AttributeMapSettings","5","202","Integer","","10","","True","0"
"AttributeMapSettings","6","6","Date","","","","True","#1/1/1990#"
"BackgroundDataset_Table","1","2","Integer","","10","","False","1"
"BackgroundDataset_Table","2","1","WChar","80","","","True",""
"BackgroundDataset_Table","3","106","Integer","","10","","True","0"
"BackgroundDataset_Table","4","3","WChar","250","","","True",""
"BackgroundDataset_Table","5","21","Boolean","2","","","False",""
"BackgroundDataset_Table","6","20","WChar","50","","","True",""
"BackgroundDataset_Table","7","6","Date","","","","True",""
"BackgroundLink_Table","1","2","Integer","","10","","False",""
"BackgroundLink_Table","2","1","WChar","80","","","True",""
"BackgroundLink_Table","3","1402","Integer","","10","","True","1"
"BackgroundLink_Table","4","1011","Integer","","10","","True","9"
"BackgroundLink_Table","5","101","Integer","","10","","True","1"
"BackgroundLink_Table","6","104","Integer","","10","","True","1"
"BackgroundLink_Table","7","20","WChar","50","","","True",""
"BackgroundLink_Table","8","6","Date","","","","True",""
"BackgroundLink_Table","9","3300","Integer","","10","","True","999"
"BackgroundLink_Table","10","3301","Boolean","2","","","False","Yes"
"BackgroundLink_Table","11","3302","Boolean","2","","","False","Yes"
"Basestations","1","2","Integer","","10","","False",""
"Basestations","2","1","WChar","255","","","True",""
"Basestations","3","11","Double","","15","","True",""
"Basestations","4","12","Double","","15","","True",""
"Basestations","5","3511","Double","","15","","True",""
"Basestations","6","5","Date","","","","True",""
"Basestations","7","21","Boolean","2","","","False",""
"Basestations","8","20","WChar","255","","","True",""
"Basestations","9","6","Date","","","","True",""
"BookletGrouping_Table","1","2","Integer","","10","","False","0"
"BookletGrouping_Table","2","1","WChar","80","","","True",""
"BookletGrouping_Table","3","1008","Boolean","2","","","False",""
"BookletGrouping_Table","4","21","Boolean","2","","","False",""
"BookletGrouping_Table","5","6","Date","","","","True","#1/1/1990#"
"BookletProps_Table","1","2","Integer","","10","","False","0"
"BookletProps_Table","2","1","WChar","80","","","True",""
"BookletProps_Table","3","3","WChar","250","","","True",""
"BookletProps_Table","4","1165","Integer","","10","","True","1"
"BookletProps_Table","5","1008","Boolean","2","","","False",""
"BookletProps_Table","6","20","WChar","50","","","True",""
"BookletProps_Table","7","21","Boolean","2","","","False",""
"BookletProps_Table","8","6","Date","","","","True","#1/1/1990#"
"CalendarEvent_Table","1","2","Integer","","10","","False",""
"CalendarEvent_Table","2","2300","Integer","","10","","True","0"
"CalendarEvent_Table","3","1401","Integer","","10","","True","0"
"CalendarEvent_Table","4","1402","Integer","","10","","True","0"
"CalendarEvent_Table","5","500","Date","","","","True",""
"CalendarEvent_Table","6","501","Date","","","","True",""
"CalendarEvent_Table","7","2302","Boolean","2","","","False",""
"CalendarEvent_Table","8","2403","Integer","","10","","True","0"
"CalendarEvent_Table","9","2303","Date","","","","True",""
"CalendarEvent_Table","10","2304","Boolean","2","","","False","Yes"
"CalendarEvent_Table","11","21","Boolean","2","","","False",""
"CalendarEvent_Table","12","20","WChar","50","","","True",""
"CalendarEvent_Table","13","6","Date","","","","True",""
"Chart_Filter_Table","1","2","Integer","","10","","False","0"
"Chart_Filter_Table","2","1","WChar","80","","","True",""
"Chart_Filter_Table","3","20","WChar","50","","","True",""
"Chart_Filter_Table","4","3","WChar","250","","","True",""
"Chart_Filter_Table","5","1161","Integer","","10","","True","1"
"Chart_Filter_Table","6","32","WChar","50","","","True",""
"Chart_Filter_Table","7","1008","Boolean","2","","","False",""
"Chart_Filter_Table","8","21","Boolean","2","","","False",""
"Chart_Filter_Table","9","6","Date","","","","True","#1/1/1990#"
"Chart3dSettings_Table","1","2","Integer","","10","","False",""
"Chart3dSettings_Table","2","1","WChar","50","","","True",""
"Chart3dSettings_Table","3","21","Boolean","2","","","False",""
"Chart3dSettings_Table","4","20","WChar","50","","","True",""
"Chart3dSettings_Table","5","6","Date","","","","True","#1/1/1990#"
"ChartGrouping_Table","1","2","Integer","","10","","False","0"
"ChartGrouping_Table","2","1","WChar","80","","","True",""
"ChartGrouping_Table","3","1008","Boolean","2","","","False",""
"ChartGrouping_Table","4","21","Boolean","2","","","False",""
"ChartGrouping_Table","5","6","Date","","","","True","#1/1/1990#"
"CostDefinition_Table","1","2","Integer","","10","","False","0"
"CostDefinition_Table","2","1","WChar","80","","","True",""
"CostDefinition_Table","3","3001","Integer","","10","","True","0"
"CostDefinition_Table","4","3002","Integer","","10","","True","0"
"CostDefinition_Table","5","3003","Integer","","10","","True","0"
"CostDefinition_Table","6","3","WChar","250","","","True",""
"CostDefinition_Table","7","3004","Integer","","10","","True","0"
"CostDefinition_Table","8","21","Boolean","2","","","False",""
"CostDefinition_Table","9","3005","Boolean","2","","","False","No"
"CostDefinition_Table","10","3006","Integer","","10","","True","-1"
"CostDefinition_Table","11","20","WChar","50","","","True",""
"CostDefinition_Table","12","6","Date","","","","True","#1/1/1990#"
"CostDefinition_Table","13","3007","Boolean","2","","","False","0"
"CostDefinition_Table","14","3008","Boolean","2","","","False","No"
"CostRecord_Table","1","2","Integer","","10","","False",""
"CostRecord_Table","2","1","WChar","80","","","True",""
"CostRecord_Table","3","3000","Integer","","10","","True","0"
"CostRecord_Table","4","3001","Integer","","10","","True","0"
"CostRecord_Table","5","3002","Integer","","10","","True","0"
"CostRecord_Table","6","3003","Integer","","10","","True","0"
"CostRecord_Table","7","3","WChar","250","","","True",""
"CostRecord_Table","8","21","Boolean","2","","","False",""
"CostRecord_Table","9","20","WChar","50","","","True",""
"CostRecord_Table","10","6","Date","","","","True","#1/1/1990#"
"CropGrowthStage_Table","1","1904","Integer","","10","","True","0"
"CropGrowthStage_Table","2","1","WChar","125","","","True",""
"CropGrowthStage_Table","3","19","Boolean","2","","","False","Yes"
"CropGrowthStage_Table","4","6","Date","","","","True","#1/1/1990#"
"Data_Type_Table","1","2","Integer","","10","","False","0"
"Data_Type_Table","2","1","WChar","50","","","True",""
"Data_Type_Table","3","400","WChar","50","","","True",""
"Data_Type_Table","4","401","WChar","50","","","True",""
"Data_Type_Table","5","402","Boolean","2","","","False",""
"Data_Type_Table","6","403","Boolean","2","","","False",""
"Data_Type_Table","7","404","Boolean","2","","","False",""
"Data_Type_Table","8","406","Boolean","2","","","False",""
"Data_Type_Table","9","407","Boolean","2","","","False",""
"Dataset_Filing_Table","1","2","Integer","","10","","False","1"
"Dataset_Filing_Table","2","105","Integer","","10","","True","1"
"Dataset_Filing_Table","3","116","Integer","","10","","True","1"
"Dataset_Filing_Table","4","102","Integer","","10","","True","1"
"Dataset_Filing_Table","5","109","Integer","","10","","True","1"
"Dataset_Filing_Table","6","103","Integer","","10","","True","1"
"Dataset_Filing_Table","7","107","Integer","","10","","True","1"
"Dataset_Filing_Table","8","106","Integer","","10","","True","1"
"Dataset_Filing_Table","9","112","Integer","","10","","True","1"
"Dataset_Filing_Table","10","113","Integer","","10","","True","1"
"Dataset_Filing_Table","11","100","Integer","","10","","True","1"
"Dataset_Filing_Table","12","101","Integer","","10","","True","1"
"Dataset_Filing_Table","13","110","Integer","","10","","True","1"
"Dataset_Filing_Table","14","104","Integer","","10","","True","1"
"Dataset_Filing_Table","15","108","Integer","","10","","True","1"
"Dataset_Filing_Table","16","111","Integer","","10","","True","1"
"Dataset_Filing_Table","17","114","Integer","","10","","True","-1"
"Dataset_Filing_Table","18","119","Integer","","10","","True","1"
"Dataset_Filing_Table","19","120","Integer","","10","","True","1"
"Dataset_Filing_Table","20","121","Integer","","10","","True","1"
"Dataset_Filing_Table","21","122","Integer","","10","","True","1"
"Dataset_Filing_Table","22","123","Integer","","10","","True","1"
"Dataset_Filing_Table","23","124","Integer","","10","","True","1"
"Dataset_Filing_Table","24","125","Integer","","10","","True","1"
"Dataset_Filing_Table","25","126","Integer","","10","","True","1"
"Dataset_Filing_Table","26","128","Integer","","10","","True","1"
"Dataset_Filing_Table","27","127","Integer","","10","","True","1"
"Dataset_Filing_Table","28","129","Integer","","10","","True","1"
"Dataset_Filing_Table","29","138","Integer","","10","","True","1"
"Dataset_Filing_Table","30","136","Integer","","10","","True","1"
"Dataset_Filing_Table","31","137","Integer","","10","","True","1"
"Dataset_Filing_Table","32","132","Integer","","10","","True","1"
"Dataset_Filing_Table","33","131","Integer","","10","","True","1"
"Dataset_Filing_Table","34","135","Integer","","10","","True","1"
"Dataset_Filing_Table","35","140","Integer","","10","","True","1"
"Dataset_Filing_Table","36","141","Integer","","10","","True","1"
"Dataset_Filing_Table","37","142","Integer","","10","","True","1"
"Dataset_Filing_Table","38","145","Integer","","10","","True","1"
"Dataset_Filing_Table","39","146","Integer","","10","","True","1"
"Dataset_Filing_Table","40","147","Integer","","10","","True","1"
"Dataset_Filing_Table","41","148","Integer","","10","","True","1"
"Dataset_Filing_Table","42","149","Integer","","10","","True","1"
"Dataset_Filing_Table","43","150","Integer","","10","","True","1"
"Dataset_Filing_Table","44","151","Integer","","10","","True","1"
"Dataset_Filing_Table","45","152","Integer","","10","","True","1"
"Dataset_Filing_Table","46","3100","Integer","","10","","True","1"
"Dataset_Filing_Table","47","3101","Integer","","10","","True","0"
"Dataset_Filing_Table","48","500","Date","","","","True",""
"Dataset_Filing_Table","49","501","Date","","","","True",""
"Dataset_Filing_Table","50","21","Boolean","2","","","False",""
"Dataset_Filing_Table","51","20","WChar","50","","","True",""
"Dataset_Filing_Table","52","6","Date","","","","True",""
"Dataset_Table","1","2","Integer","","10","","False",""
"Dataset_Table","2","1","WChar","80","","","True",""
"Dataset_Table","3","106","Integer","","10","","True","1"
"Dataset_Table","4","8","WChar","50","","","True","""NOMONITOR"""
"Dataset_Table","5","105","Integer","","10","","True","1"
"Dataset_Table","6","4","Integer","","10","","True","0"
"Dataset_Table","7","17","WChar","0","","","True",""
"Dataset_Table","8","23","WChar","80","","","True",""
"Dataset_Table","9","3","WChar","250","","","True",""
"Dataset_Table","10","13","WChar","50","","","True",""
"Dataset_Table","11","300","Integer","","10","","True","0"
"Dataset_Table","12","314","Integer","","10","","True","1"
"Dataset_Table","13","315","Integer","","10","","True","0"
"Dataset_Table","14","307","Integer","","10","","True","0"
"Dataset_Table","15","313","Integer","","10","","True","0"
"Dataset_Table","16","301","Boolean","2","","","False",""
"Dataset_Table","17","302","Boolean","2","","","False",""
"Dataset_Table","18","303","Boolean","2","","","False",""
"Dataset_Table","19","304","Boolean","2","","","False",""
"Dataset_Table","20","308","Boolean","2","","","False",""
"Dataset_Table","21","309","Boolean","2","","","False",""
"Dataset_Table","22","310","Boolean","2","","","False",""
"Dataset_Table","23","312","Boolean","2","","","False",""
"Dataset_Table","24","311","Boolean","2","","","False",""
"Dataset_Table","25","5","Date","","","","True","#1/1/1990#"
"Dataset_Table","26","6","Date","","","","True","#1/1/1990#"
"Dataset_Table","27","306","WChar","0","","","True",""
"Dataset_Table","28","305","WChar","0","","","True",""
"Dataset_Table","29","10","WChar","0","","","True",""
"Dataset_Table","30","16","WChar","50","","","True",""
"Dataset_Table","31","317","WChar","50","","","True",""
"Dataset_Table","32","319","WChar","50","","","True",""
"Dataset_Table","33","318","WChar","50","","","True",""
"Dataset_Table","34","320","Date","","","","True","#1/1/1990#"
"Dataset_Table","35","321","Date","","","","True","#1/1/1990#"
"Dataset_Table","36","322","Boolean","2","","","False",""
"Dataset_Table","37","24","WChar","0","","","True",""
"Dataset_Table","38","21","Boolean","2","","","False",""
"Dataset_Table","39","20","WChar","50","","","True",""
"Dataset_Table","40","323","Boolean","2","","","False","0"
"Dataset_Table","41","324","Boolean","2","","","False","0"
"Dataset_Table","42","325","Boolean","2","","","False","0"
"Dataset_Table","43","326","Integer","","10","","True","-1"
"Dataset_Table","44","327","Boolean","2","","","False","No"
"Dataset_Table","45","33","WChar","0","","","True",""
"DatasetAssociationTable","1","1400","Integer","","10","","True","0"
"DatasetAssociationTable","2","1401","Integer","","10","","True","0"
"DatasetAssociationTable","3","1402","Integer","","10","","True","0"
"DatasetAssociationTable","4","6","Date","","","","True","#1/1/1990#"
"DatasetChart3DSettings","1","1402","Integer","","10","","True","0"
"DatasetChart3DSettings","2","201","Integer","","10","","True","0"
"DatasetChart3DSettings","3","1501","Integer","","10","","True","1"
"DatasetChart3DSettings","4","6","Date","","","","True","#1/1/1990#"
"DatasetGroup_Table","1","2","Integer","","10","","False",""
"DatasetGroup_Table","2","1","WChar","255","","","True",""
"DatasetGroup_Table","3","8","WChar","50","","","True",""
"DatasetGroup_Table","4","4","Integer","","10","","True",""
"DatasetGroup_Table","5","17","WChar","0","","","True",""
"DatasetGroup_Table","6","23","WChar","80","","","True",""
"DatasetGroup_Table","7","5","Date","","","","True",""
"DatasetGroup_Table","8","18","Boolean","2","","","False","0"
"DatasetGroup_Table","9","21","Boolean","2","","","False","0"
"DatasetGroup_Table","10","6","Date","","","","True","#1/1/1990#"
"DatasetLegend_Table","1","2","Integer","","10","","True","1"
"DatasetLegend_Table","2","201","Integer","","10","","True","0"
"DatasetLegend_Table","3","200","Integer","","10","","True","1"
"DatasetLegend_Table","4","202","Integer","","10","","True","0"
"DatasetLegend_Table","5","405","Integer","","10","","True","0"
"DatasetLegend_Table","6","112","Integer","","10","","True","0"
"DatasetLegend_Table","7","6","Date","","","","True","#1/1/1990#"
"DatasetMapSettings","1","1402","Integer","","10","","True","0"
"DatasetMapSettings","2","201","Integer","","10","","True","0"
"DatasetMapSettings","3","1500","Integer","","10","","True","0"
"DatasetMapSettings","4","1011","Integer","","10","","True","0"
"DatasetMapSettings","5","202","Integer","","10","","True","0"
"DatasetMapSettings","6","6","Date","","","","True","#1/1/1990#"
"DatasetNotesTable","1","2","Integer","","10","","False",""
"DatasetNotesTable","2","1301","Integer","","10","","True","1"
"DatasetNotesTable","3","1402","Integer","","10","","True","1"
"DatasetNotesTable","4","20","WChar","50","","","True",""
"DatasetNotesTable","5","21","Boolean","2","","","False",""
"DatasetNotesTable","6","6","Date","","","","True",""
"DatasetPatternReference_Table","1","2","Integer","","10","","False",""
"DatasetPatternReference_Table","2","1402","Integer","","10","","True","0"
"DatasetPatternReference_Table","3","3950","WChar","50","","","True",""
"DatasetPatternReference_Table","4","3960","WChar","50","","","True",""
"DefaultLegend_Table","1","112","Integer","","10","","True","-1"
"DefaultLegend_Table","2","108","Integer","","10","","True","0"
"DefaultLegend_Table","3","201","Integer","","10","","True","0"
"DefaultLegend_Table","4","200","Integer","","10","","True","0"
"DefaultLegend_Table","5","405","Integer","","10","","True","0"
"DefaultLegend_Table","6","202","Integer","","10","","True","0"
"DefaultLegend_Table","7","2535","Integer","","10","","True","-1"
"DefaultLegend_Table","8","6","Date","","","","True","#1/1/1990#"
"EnumGroup_Table","1","2","Integer","","10","","False",""
"EnumGroup_Table","2","1","WChar","150","","","True",""
"EnumGroup_Table","3","1021","Integer","","10","","True","0"
"EnumGroup_Table","4","20","WChar","50","","","True",""
"EnumGroup_Table","5","6","Date","","","","True","#1/1/1990#"
"EnumGroupItem_Table","1","2","Integer","","10","","False",""
"EnumGroupItem_Table","2","1","WChar","20","","","True",""
"EnumGroupItem_Table","3","1903","Integer","","10","","True","1"
"EnumGroupItem_Table","4","1904","Integer","","10","","True","0"
"EnumGroupItem_Table","5","30","Integer","","10","","True",""
"EnumGroupItem_Table","6","20","WChar","50","","","True",""
"EnumGroupItem_Table","7","6","Date","","","","True","#1/1/1990#"
"EnumType_Table","1","2","Integer","","10","","False","0"
"EnumType_Table","2","1","WChar","80","","","True",""
"EnumType_Table","3","1900","WChar","0","","","True",""
"EnumType_Table","4","1901","Boolean","2","","","False",""
"EnumType_Table","5","1902","Integer","","10","","True",""
"EnumType_Table","6","1905","Boolean","2","","","False",""
"EnumType_Table","7","1906","WChar","50","","","True",""
"EnumType_Table","8","1907","Boolean","2","","","False","True"
"EnumType_Table","9","21","Boolean","2","","","False",""
"EnumType_Table","10","20","WChar","50","","","True",""
"EnumType_Table","11","6","Date","","","","True",""
"Epoch_Table","1","2","Integer","","10","","False",""
"Epoch_Table","2","500","Date","","","","True",""
"Epoch_Table","3","501","Date","","","","True",""
"Epoch_Table","4","8","WChar","15","","","True",""
"Epoch_Table","5","106","Integer","","10","","True","0"
"Epoch_Table","6","502","Integer","","10","","True","0"
"Epoch_Table","7","1700","Integer","","10","","True","0"
"Epoch_Table","8","21","Boolean","2","","","False",""
"Epoch_Table","9","6","Date","","","","True","#1/1/1990#"
"EquipmentReport_Table","1","2","Integer","","10","","False","0"
"EquipmentReport_Table","2","1","WChar","80","","","True",""
"EquipmentReport_Table","3","20","WChar","50","","","True",""
"EquipmentReport_Table","4","3","WChar","255","","","True",""
"EquipmentReport_Table","5","1170","Integer","","10","","True","0"
"EquipmentReport_Table","6","1008","Boolean","2","","","False","No"
"EquipmentReport_Table","7","21","Boolean","2","","","False","No"
"EquipmentReport_Table","8","6","Date","","","","True",""
"EquipmentReportGroup_Table","1","2","Integer","","10","","False","0"
"EquipmentReportGroup_Table","2","1","WChar","255","","","True",""
"EquipmentReportGroup_Table","3","1008","Boolean","2","","","False","No"
"EquipmentReportGroup_Table","4","21","Boolean","2","","","False","No"
"EquipmentReportGroup_Table","5","6","Date","","","","True",""
"GeneralFileInfo_Table","1","2","Integer","","10","","False",""
"GeneralFileInfo_Table","2","1","WChar","50","","","True",""
"GeneralFileInfo_Table","3","2400","Integer","","10","","True","0"
"GeneralFileInfo_Table","4","2401","Boolean","2","","","False",""
"GeneralFileInfo_Table","5","2402","Integer","","10","","True","0"
"GeneralFileInfo_Table","6","7","Double","","15","","True","0"
"GeneralFileInfo_Table","7","14","Integer","","10","","True","0"
"GeneralFileInfo_Table","8","15","Double","","15","","True","0"
"GeneralFileInfo_Table","9","21","Boolean","2","","","False",""
"GeneralFileInfo_Table","10","6","Date","","","","True","#1/1/1990#"
"Grower_Table","1","2","Integer","","10","","False",""
"Grower_Table","2","1","WChar","80","","","True",""
"Grower_Table","3","27","WChar","50","","","True",""
"Grower_Table","4","600","WChar","100","","","True",""
"Grower_Table","5","601","WChar","100","","","True",""
"Grower_Table","6","602","WChar","50","","","True",""
"Grower_Table","7","603","WChar","50","","","True",""
"Grower_Table","8","604","WChar","50","","","True",""
"Grower_Table","9","605","WChar","50","","","True",""
"Grower_Table","10","606","WChar","80","","","True",""
"Grower_Table","11","607","Integer","","10","","True","999999"
"Grower_Table","12","10","WChar","0","","","True",""
"Grower_Table","13","832","WChar","100","","","True",""
"Grower_Table","14","831","WChar","80","","","True",""
"Grower_Table","15","833","WChar","50","","","True",""
"Grower_Table","16","830","WChar","100","","","True",""
"Grower_Table","17","609","WChar","100","","","True",""
"Grower_Table","18","3","WChar","250","","","True",""
"Grower_Table","19","610","WChar","80","","","True",""
"Grower_Table","20","838","Integer","","10","","True","0"
"Grower_Table","21","19","Boolean","2","","","False","Yes"
"Grower_Table","22","21","Boolean","2","","","False",""
"Grower_Table","23","20","WChar","50","","","True",""
"Grower_Table","24","6","Date","","","","True",""
"Icon_Table","1","2","Integer","","10","","False",""
"Icon_Table","2","115","WChar","255","","","True",""
"Icon_Table","3","21","Boolean","2","","","False",""
"Implement_Wheel_Table","1","2","Integer","","10","","False",""
"Implement_Wheel_Table","2","125","Integer","","10","","True","1"
"Implement_Wheel_Table","3","3800","Integer","","10","","True","0"
"Implement_Wheel_Table","4","3801","Integer","","10","","True","0"
"Implement_Wheel_Table","5","3802","Double","","15","","True","0"
"Implement_Wheel_Table","6","3803","Double","","15","","True","0"
"LegendFile_Table","1","2","Integer","","10","","False",""
"LegendFile_Table","2","115","WChar","255","","","True",""
"LegendFile_Table","3","1","WChar","80","","","True",""
"LegendFile_Table","4","21","Boolean","2","","","False",""
"LegendFile_Table","5","6","Date","","","","True","#1/1/1990#"
"LoggingEvent_Table","1","2","Integer","","10","","False",""
"LoggingEvent_Table","2","3101","Integer","","10","","True","0"
"LoggingEvent_Table","3","6","Date","","","","True","#1/1/1990#"
"LoggingFileInfo_Table","1","2","Integer","","10","","False",""
"LoggingFileInfo_Table","2","1","WChar","80","","","True",""
"LoggingFileInfo_Table","3","8","WChar","50","","","True",""
"LoggingFileInfo_Table","4","106","Integer","","10","","True","0"
"LoggingFileInfo_Table","5","1700","Integer","","10","","True","0"
"LoggingFileInfo_Table","6","1200","Integer","","10","","True","0"
"LoggingFileInfo_Table","7","1701","Boolean","2","","","False",""
"LoggingFileInfo_Table","8","203","Integer","","10","","True","-1"
"LoggingFileInfo_Table","9","21","Boolean","2","","","False",""
"LoggingFileInfo_Table","10","6","Date","","","","True","#1/1/1990#"
"Logical_Farm_Table","1","2","Integer","","10","","False",""
"Logical_Farm_Table","2","1","WChar","80","","","True",""
"Logical_Farm_Table","3","27","WChar","50","","","True",""
"Logical_Farm_Table","4","100","Integer","","10","","True","1"
"Logical_Farm_Table","5","700","Integer","","10","","True","1"
"Logical_Farm_Table","6","7","Double","","15","","True","0"
"Logical_Farm_Table","7","701","WChar","50","","","True",""
"Logical_Farm_Table","8","702","WChar","50","","","True",""
"Logical_Farm_Table","9","703","WChar","50","","","True",""
"Logical_Farm_Table","10","838","Integer","","10","","True","0"
"Logical_Farm_Table","11","16","WChar","50","","","True",""
"Logical_Farm_Table","12","19","Boolean","2","","","False","Yes"
"Logical_Farm_Table","13","21","Boolean","2","","","False",""
"Logical_Farm_Table","14","20","WChar","50","","","True",""
"Logical_Farm_Table","15","6","Date","","","","True",""
"Logical_Field_Table","1","2","Integer","","10","","False",""
"Logical_Field_Table","2","1","WChar","80","","","True",""
"Logical_Field_Table","3","27","WChar","50","","","True",""
"Logical_Field_Table","4","101","Integer","","10","","True","1"
"Logical_Field_Table","5","800","Boolean","2","","","False",""
"Logical_Field_Table","6","801","Integer","","10","","True","1"
"Logical_Field_Table","7","700","Integer","","10","","True","1"
"Logical_Field_Table","8","802","Integer","","10","","True","1"
"Logical_Field_Table","9","7","Double","","15","","True","0"
"Logical_Field_Table","10","702","WChar","50","","","True",""
"Logical_Field_Table","11","703","WChar","50","","","True",""
"Logical_Field_Table","12","803","WChar","50","","","True",""
"Logical_Field_Table","13","804","WChar","80","","","True",""
"Logical_Field_Table","14","805","WChar","80","","","True",""
"Logical_Field_Table","15","806","WChar","80","","","True",""
"Logical_Field_Table","16","807","WChar","80","","","True",""
"Logical_Field_Table","17","808","WChar","0","","","True",""
"Logical_Field_Table","18","811","WChar","80","","","True",""
"Logical_Field_Table","19","812","WChar","80","","","True",""
"Logical_Field_Table","20","16","WChar","50","","","True",""
"Logical_Field_Table","21","809","Boolean","2","","","False","Yes"
"Logical_Field_Table","22","810","Boolean","2","","","False",""
"Logical_Field_Table","23","813","Double","","15","","True","0"
"Logical_Field_Table","24","814","Double","","15","","True","0"
"Logical_Field_Table","25","815","Double","","15","","True","0"
"Logical_Field_Table","26","830","WChar","80","","","True",""
"Logical_Field_Table","27","831","WChar","50","","","True",""
"Logical_Field_Table","28","832","WChar","80","","","True",""
"Logical_Field_Table","29","833","WChar","50","","","True",""
"Logical_Field_Table","30","834","Double","","15","","True","0"
"Logical_Field_Table","31","835","Double","","15","","True","0"
"Logical_Field_Table","32","836","Double","","15","","True","0"
"Logical_Field_Table","33","837","WChar","100","","","True",""
"Logical_Field_Table","34","838","Integer","","10","","True","0"
"Logical_Field_Table","35","11","Double","","15","","True","0"
"Logical_Field_Table","36","12","Double","","15","","True","0"
"Logical_Field_Table","37","19","Boolean","2","","","False","Yes"
"Logical_Field_Table","38","21","Boolean","2","","","False",""
"Logical_Field_Table","39","20","WChar","50","","","True",""
"Logical_Field_Table","40","6","Date","","","","True",""
"Logical_FieldNote_Table","1","2","Integer","","10","","False",""
"Logical_FieldNote_Table","2","11","Double","","15","","True","0"
"Logical_FieldNote_Table","3","12","Double","","15","","True","0"
"Logical_FieldNote_Table","4","104","Integer","","10","","True","1"
"Logical_FieldNote_Table","5","2010","Integer","","10","","True","1"
"Logical_FieldNote_Table","6","10","WChar","0","","","True",""
"Logical_FieldNote_Table","7","2012","Integer","","10","","True","0"
"Logical_FieldNote_Table","8","2002","WChar","255","","","True",""
"Logical_FieldNote_Table","9","2004","WChar","255","","","True",""
"Logical_FieldNote_Table","10","2011","WChar","255","","","True",""
"Logical_FieldNote_Table","11","5","Date","","","","True",""
"Logical_FieldNote_Table","12","6","Date","","","","True",""
"Logical_FieldNote_Table","13","20","WChar","50","","","True",""
"Logical_FieldNote_Table","14","21","Boolean","2","","","False","No"
"Logical_Product_Table","1","2","Integer","","10","","False",""
"Logical_Product_Table","2","1","WChar","80","","","True",""
"Logical_Product_Table","3","3","WChar","0","","","True",""
"Logical_Product_Table","4","2533","Integer","","10","","True","0"
"Logical_Product_Table","5","2534","Integer","","10","","True","0"
"Logical_Product_Table","6","2535","Integer","","10","","True","0"
"Logical_Product_Table","7","2536","Double","","15","","True","0"
"Logical_Product_Table","8","2537","Integer","","10","","True","0"
"Logical_Product_Table","9","2538","Integer","","10","","True","0"
"Logical_Product_Table","10","2539","Integer","","10","","True","0"
"Logical_Product_Table","11","2542","WChar","50","","","True",""
"Logical_Product_Table","12","2543","WChar","80","","","True",""
"Logical_Product_Table","13","2544","Integer","","10","","True","0"
"Logical_Product_Table","14","2545","Boolean","2","","","False",""
"Logical_Product_Table","15","2546","Integer","","10","","True","0"
"Logical_Product_Table","16","2547","Integer","","10","","True","0"
"Logical_Product_Table","17","2548","Double","","15","","True","0"
"Logical_Product_Table","18","2549","Double","","15","","True","0"
"Logical_Product_Table","19","2550","Boolean","2","","","False",""
"Logical_Product_Table","20","2551","Boolean","2","","","False",""
"Logical_Product_Table","21","2552","Boolean","2","","","False",""
"Logical_Product_Table","22","2553","WChar","50","","","True",""
"Logical_Product_Table","23","2554","Double","","15","","True","0"
"Logical_Product_Table","24","2555","Integer","","10","","True","0"
"Logical_Product_Table","25","2556","Double","","15","","True","0"
"Logical_Product_Table","26","2559","Double","","15","","True","0"
"Logical_Product_Table","27","2560","Double","","15","","True","0"
"Logical_Product_Table","28","2561","Double","","15","","True","0"
"Logical_Product_Table","29","3216","Double","","15","","True","0"
"Logical_Product_Table","30","3217","Double","","15","","True","0"
"Logical_Product_Table","31","3218","Double","","15","","True","0"
"Logical_Product_Table","32","3219","Double","","15","","True","0"
"Logical_Product_Table","33","3230","Double","","15","","True","0"
"Logical_Product_Table","34","3231","Double","","15","","True","0"
"Logical_Product_Table","35","2558","Boolean","2","","","False","No"
"Logical_Product_Table","36","2500","Integer","","10","","True","0"
"Logical_Product_Table","37","2575","Double","","15","","True","0"
"Logical_Product_Table","38","2576","WChar","50","","","True",""
"Logical_Product_Table","39","2577","WChar","50","","","True",""
"Logical_Product_Table","40","3215","Double","","15","","True","0"
"Logical_Product_Table","41","2578","Double","","15","","True","0"
"Logical_Product_Table","42","2579","WChar","50","","","True",""
"Logical_Product_Table","43","2580","Boolean","2","","","False",""
"Logical_Product_Table","44","2581","WChar","50","","","True",""
"Logical_Product_Table","45","3220","Double","","15","","True","0"
"Logical_Product_Table","46","3221","Double","","15","","True","0"
"Logical_Product_Table","47","2599","Boolean","2","","","False",""
"Logical_Product_Table","48","1604","WChar","80","","","True",""
"Logical_Product_Table","49","3200","Double","","15","","True","0"
"Logical_Product_Table","50","3201","Double","","15","","True","0"
"Logical_Product_Table","51","3202","Double","","15","","True","0"
"Logical_Product_Table","52","3203","WChar","50","","","True",""
"Logical_Product_Table","53","3204","WChar","50","","","True",""
"Logical_Product_Table","54","3205","WChar","50","","","True",""
"Logical_Product_Table","55","3206","Double","","15","","True","0"
"Logical_Product_Table","56","3207","Double","","15","","True","0"
"Logical_Product_Table","57","3208","Double","","15","","True","0"
"Logical_Product_Table","58","3209","WChar","50","","","True",""
"Logical_Product_Table","59","3210","WChar","50","","","True",""
"Logical_Product_Table","60","3211","WChar","50","","","True",""
"Logical_Product_Table","61","3212","Integer","","10","","True","0"
"Logical_Product_Table","62","3213","Integer","","10","","True","0"
"Logical_Product_Table","63","3214","Integer","","10","","True","0"
"Logical_Product_Table","64","3222","WChar","50","","","True",""
"Logical_Product_Table","65","3223","WChar","50","","","True",""
"Logical_Product_Table","66","3224","WChar","50","","","True",""
"Logical_Product_Table","67","3225","Boolean","2","","","False",""
"Logical_Product_Table","68","3226","WChar","80","","","True",""
"Logical_Product_Table","69","3227","Boolean","2","","","False",""
"Logical_Product_Table","70","3228","WChar","80","","","True",""
"Logical_Product_Table","71","3229","WChar","0","","","True",""
"Logical_Product_Table","72","2562","Double","","15","","True","0"
"Logical_Product_Table","73","2563","Boolean","2","","","False","0"
"Logical_Product_Table","74","2564","WChar","80","","","True",""
"Logical_Product_Table","75","2565","Boolean","2","","","False","0"
"Logical_Product_Table","76","2566","Boolean","2","","","False","0"
"Logical_Product_Table","77","2567","Integer","","10","","True",""
"Logical_Product_Table","78","2568","WChar","80","","","True",""
"Logical_Product_Table","79","3551","WChar","80","","","True",""
"Logical_Product_Table","80","19","Boolean","2","","","False","Yes"
"Logical_Product_Table","81","22","Boolean","2","","","False",""
"Logical_Product_Table","82","28","Boolean","2","","","False","No"
"Logical_Product_Table","83","21","Boolean","2","","","False",""
"Logical_Product_Table","84","20","WChar","50","","","True",""
"Logical_Product_Table","85","6","Date","","","","True",""
"Logical_Product_Table","86","3232","Integer","","10","","True","-1"
"LogicalAttatchment_Table","1","2","Integer","","10","","False",""
"LogicalAttatchment_Table","2","1","WChar","80","","","True",""
"LogicalAttatchment_Table","3","3","WChar","250","","","True",""
"LogicalAttatchment_Table","4","2607","Double","","15","","True","0"
"LogicalAttatchment_Table","5","2611","Double","","15","","True","0"
"LogicalAttatchment_Table","6","2612","Integer","","10","","True","0"
"LogicalAttatchment_Table","7","2613","Double","","15","","True","0"
"LogicalAttatchment_Table","8","2614","Double","","15","","True","0"
"LogicalAttatchment_Table","9","2615","Double","","15","","True","0"
"LogicalAttatchment_Table","10","2616","Double","","15","","True","0"
"LogicalAttatchment_Table","11","2617","Integer","","10","","True","0"
"LogicalAttatchment_Table","12","2618","Double","","15","","True","0"
"LogicalAttatchment_Table","13","2619","Integer","","10","","True","0"
"LogicalAttatchment_Table","14","2620","Double","","15","","True","0"
"LogicalAttatchment_Table","15","2621","Double","","15","","True","0"
"LogicalAttatchment_Table","16","2622","Integer","","10","","True","0"
"LogicalAttatchment_Table","17","2627","WChar","80","","","True",""
"LogicalAttatchment_Table","18","2628","WChar","80","","","True",""
"LogicalAttatchment_Table","19","2629","Integer","","10","","True","1990"
"LogicalAttatchment_Table","20","2600","WChar","80","","","True",""
"LogicalAttatchment_Table","21","2608","Double","","15","","True","0"
"LogicalAttatchment_Table","22","2609","Double","","15","","True","0"
"LogicalAttatchment_Table","23","2610","Double","","15","","True","0"
"LogicalAttatchment_Table","24","2630","Integer","","10","","True","0"
"LogicalAttatchment_Table","25","2636","Double","","15","","True","0"
"LogicalAttatchment_Table","26","2637","Double","","15","","True","0"
"LogicalAttatchment_Table","27","2640","Double","","15","","True","0"
"LogicalAttatchment_Table","28","2641","Double","","15","","True","0"
"LogicalAttatchment_Table","29","2646","WChar","0","","","True",""
"LogicalAttatchment_Table","30","2647","WChar","0","","","True",""
"LogicalAttatchment_Table","31","2648","Integer","","10","","True","0"
"LogicalAttatchment_Table","32","2651","Boolean","2","","","False","Yes"
"LogicalAttatchment_Table","33","2653","Double","","15","","True","0"
"LogicalAttatchment_Table","34","2654","Double","","15","","True","0"
"LogicalAttatchment_Table","35","2655","Integer","","10","","True","0"
"LogicalAttatchment_Table","36","2656","Integer","","10","","True","0"
"LogicalAttatchment_Table","37","2657","Double","","15","","True","0"
"LogicalAttatchment_Table","38","2658","Double","","15","","True","0"
"LogicalAttatchment_Table","39","19","Boolean","2","","","False","Yes"
"LogicalAttatchment_Table","40","21","Boolean","2","","","False",""
"LogicalAttatchment_Table","41","22","Boolean","2","","","False",""
"LogicalAttatchment_Table","42","20","WChar","50","","","True",""
"LogicalAttatchment_Table","43","6","Date","","","","True",""
"LogicalContainer_Table","1","2","Integer","","10","","False",""
"LogicalContainer_Table","2","1","WChar","80","","","True",""
"LogicalContainer_Table","3","123","Integer","","10","","True","1"
"LogicalContainer_Table","4","125","Integer","","10","","True","1"
"LogicalContainer_Table","5","2900","Integer","","10","","True","55"
"LogicalContainer_Table","6","3","WChar","250","","","True",""
"LogicalContainer_Table","7","2902","Double","","15","","True","0"
"LogicalContainer_Table","8","2904","WChar","50","","","True",""
"LogicalContainer_Table","9","2907","WChar","50","","","True",""
"LogicalContainer_Table","10","2903","Double","","15","","True","0"
"LogicalContainer_Table","11","2905","WChar","50","","","True",""
"LogicalContainer_Table","12","2906","Integer","","10","","True",""
"LogicalContainer_Table","13","2908","WChar","80","","","True",""
"LogicalContainer_Table","14","2909","Boolean","2","","","False","0"
"LogicalContainer_Table","15","2910","WChar","0","","","True",""
"LogicalContainer_Table","16","19","Boolean","2","","","False","Yes"
"LogicalContainer_Table","17","21","Boolean","2","","","False",""
"LogicalContainer_Table","18","22","Boolean","2","","","False",""
"LogicalContainer_Table","19","20","WChar","50","","","True",""
"LogicalContainer_Table","20","6","Date","","","","True",""
"LogicalCrop_Table","1","2","Integer","","10","","False","123456"
"LogicalCrop_Table","2","1","WChar","125","","","True",""
"LogicalCrop_Table","3","19","Boolean","2","","","False",""
"LogicalCrop_Table","4","21","Boolean","2","","","False",""
"LogicalCrop_Table","5","22","Boolean","2","","","False",""
"LogicalCrop_Table","6","20","WChar","50","","","True",""
"LogicalCrop_Table","7","6","Date","","","","True",""
"LogicalCrop_Table","8","3400","Integer","","10","","True","174"
"LogicalCrop_Table","9","3401","Integer","","10","","True","23"
"LogicalCrop_Table","10","3402","Integer","","10","","True","1"
"LogicalCrop_Table","11","3403","Double","","15","","True","0.08"
"LogicalCrop_Table","12","3404","Double","","15","","True","0.08"
"LogicalCrop_Table","13","3405","Double","","15","","True","0"
"LogicalCrop_Table","14","3406","Double","","15","","True","0"
"LogicalCrop_Table","15","3407","Double","","15","","True","0"
"LogicalCrop_Table","16","3408","Double","","15","","True","0"
"LogicalEquipmentConfig_Table","1","2","Integer","","10","","False",""
"LogicalEquipmentConfig_Table","2","1","WChar","50","","","True",""
"LogicalEquipmentConfig_Table","3","21","Boolean","2","","","False",""
"LogicalEquipmentConfig_Table","4","22","Boolean","2","","","False",""
"LogicalEquipmentConfig_Table","5","20","WChar","50","","","True",""
"LogicalEquipmentConfig_Table","6","6","Date","","","","True",""
"LogicalFieldTrial_Table","1","2","Integer","","10","","False",""
"LogicalFieldTrial_Table","2","1","WChar","80","","","True",""
"LogicalFieldTrial_Table","3","3","WChar","255","","","True",""
"LogicalFieldTrial_Table","4","1023","Integer","","10","","True",""
"LogicalFieldTrial_Table","5","20","WChar","50","","","True",""
"LogicalFieldTrial_Table","6","21","Boolean","2","","","False","0"
"LogicalFieldTrial_Table","7","22","Boolean","2","","","False","0"
"LogicalFieldTrial_Table","8","19","Boolean","2","","","False","Yes"
"LogicalFieldTrial_Table","9","6","Date","","","","True",""
"LogicalGuidancePattern_Table","1","2","Integer","","10","","False",""
"LogicalGuidancePattern_Table","2","1","WChar","255","","","True",""
"LogicalGuidancePattern_Table","3","3","WChar","250","","","True",""
"LogicalGuidancePattern_Table","4","20","WChar","50","","","True",""
"LogicalGuidancePattern_Table","5","3900","Integer","","10","","True","0"
"LogicalGuidancePattern_Table","6","3901","Integer","","10","","True","0"
"LogicalGuidancePattern_Table","7","3903","WChar","50","","","True",""
"LogicalGuidancePattern_Table","8","3904","Double","","15","","True","0"
"LogicalGuidancePattern_Table","9","3905","Boolean","2","","","False","No"
"LogicalGuidancePattern_Table","10","6","Date","","","","True","#1/1/1990#"
"LogicalGuidancePattern_Table","11","5","Date","","","","True","#1/1/1990#"
"LogicalGuidancePattern_Table","12","104","Integer","","10","","True","0"
"LogicalGuidancePattern_Table","13","111","Integer","","10","","True","0"
"LogicalGuidancePattern_Table","14","108","Integer","","10","","True","0"
"LogicalGuidancePattern_Table","15","123","Integer","","10","","True","0"
"LogicalGuidancePattern_Table","16","125","Integer","","10","","True","0"
"LogicalJob_Table","1","2","Integer","","10","","False",""
"LogicalJob_Table","2","1","WChar","80","","","True",""
"LogicalJob_Table","3","111","Integer","","10","","True","1"
"LogicalJob_Table","4","3","WChar","250","","","True",""
"LogicalJob_Table","5","500","Date","","","","True",""
"LogicalJob_Table","6","501","Date","","","","True",""
"LogicalJob_Table","7","2803","Boolean","2","","","False",""
"LogicalJob_Table","8","19","Boolean","2","","","False","Yes"
"LogicalJob_Table","9","21","Boolean","2","","","False",""
"LogicalJob_Table","10","20","WChar","50","","","True",""
"LogicalJob_Table","11","6","Date","","","","True",""
"LogicalLinkedItem_Table","1","2","Integer","","10","","False",""
"LogicalLinkedItem_Table","2","1","WChar","0","","","True",""
"LogicalLinkedItem_Table","3","115","WChar","0","","","True",""
"LogicalLinkedItem_Table","4","3321","Boolean","2","","","False",""
"LogicalLinkedItem_Table","5","3320","Integer","","10","","True","0"
"LogicalLinkedItem_Table","6","3300","Integer","","10","","True","0"
"LogicalLinkedItem_Table","7","1011","Integer","","10","","True","0"
"LogicalLinkedItem_Table","8","204","Integer","","10","","True","0"
"LogicalLinkedItem_Table","9","3322","WChar","0","","","True",""
"LogicalLinkedItem_Table","10","20","WChar","50","","","True",""
"LogicalLinkedItem_Table","11","6","Date","","","","True",""
"LogicalLookupTable_Table","1","2","Integer","","10","","False",""
"LogicalLookupTable_Table","2","1","WChar","80","","","True",""
"LogicalLookupTable_Table","3","3","WChar","255","","","True",""
"LogicalLookupTable_Table","4","1800","Boolean","2","","","False",""
"LogicalLookupTable_Table","5","20","WChar","50","","","True",""
"LogicalLookupTable_Table","6","21","Boolean","2","","","False",""
"LogicalLookupTable_Table","7","22","Boolean","2","","","False","0"
"LogicalLookupTable_Table","8","19","Boolean","2","","","False","No"
"LogicalLookupTable_Table","9","6","Date","","","","True","#1/1/1990#"
"LogicalOperatingConfig_Table","1","2","Integer","","10","","False",""
"LogicalOperatingConfig_Table","2","1","WChar","80","","","True",""
"LogicalOperatingConfig_Table","3","21","Boolean","2","","","False",""
"LogicalOperatingConfig_Table","4","22","Boolean","2","","","False",""
"LogicalOperatingConfig_Table","5","20","WChar","50","","","True",""
"LogicalOperatingConfig_Table","6","6","Date","","","","True",""
"LogicalOperator_Table","1","2","Integer","","10","","False",""
"LogicalOperator_Table","2","1","WChar","80","","","True",""
"LogicalOperator_Table","3","3","WChar","250","","","True",""
"LogicalOperator_Table","4","2700","Integer","","10","","True","0"
"LogicalOperator_Table","5","2701","WChar","80","","","True",""
"LogicalOperator_Table","6","2702","Integer","","10","","True","0"
"LogicalOperator_Table","7","2703","Double","","15","","True","0"
"LogicalOperator_Table","8","2704","Double","","15","","True","0"
"LogicalOperator_Table","9","2705","Date","","","","True","#1/1/1990#"
"LogicalOperator_Table","10","2706","Date","","","","True","#1/1/1990#"
"LogicalOperator_Table","11","2707","Double","","15","","True","0"
"LogicalOperator_Table","12","600","WChar","100","","","True",""
"LogicalOperator_Table","13","601","WChar","100","","","True",""
"LogicalOperator_Table","14","832","WChar","100","","","True",""
"LogicalOperator_Table","15","831","WChar","80","","","True",""
"LogicalOperator_Table","16","833","WChar","50","","","True",""
"LogicalOperator_Table","17","830","WChar","100","","","True",""
"LogicalOperator_Table","18","606","WChar","80","","","True",""
"LogicalOperator_Table","19","602","WChar","50","","","True",""
"LogicalOperator_Table","20","605","WChar","50","","","True",""
"LogicalOperator_Table","21","610","WChar","80","","","True",""
"LogicalOperator_Table","22","603","WChar","50","","","True",""
"LogicalOperator_Table","23","2708","WChar","80","","","True",""
"LogicalOperator_Table","24","2709","WChar","100","","","True",""
"LogicalOperator_Table","25","19","Boolean","2","","","False","Yes"
"LogicalOperator_Table","26","21","Boolean","2","","","False",""
"LogicalOperator_Table","27","22","Boolean","2","","","False",""
"LogicalOperator_Table","28","20","WChar","50","","","True",""
"LogicalOperator_Table","29","6","Date","","","","True",""
"LogicalPest_Table","1","2","Integer","","10","","False",""
"LogicalPest_Table","2","1","WChar","80","","","True",""
"LogicalPest_Table","3","3","WChar","250","","","True",""
"LogicalPest_Table","4","3226","WChar","80","","","True",""
"LogicalPest_Table","5","3350","Integer","","10","","True","0"
"LogicalPest_Table","6","3351","Integer","","10","","True","0"
"LogicalPest_Table","7","3352","WChar","250","","","True",""
"LogicalPest_Table","8","3353","Integer","","10","","True","1"
"LogicalPest_Table","9","3354","Integer","","10","","True","12"
"LogicalPest_Table","10","3355","WChar","100","","","True",""
"LogicalPest_Table","11","19","Boolean","2","","","False","Yes"
"LogicalPest_Table","12","21","Boolean","2","","","False",""
"LogicalPest_Table","13","22","Boolean","2","","","False",""
"LogicalPest_Table","14","28","Boolean","2","","","False","No"
"LogicalPest_Table","15","20","WChar","50","","","True",""
"LogicalPest_Table","16","6","Date","","","","True","#1/1/1990#"
"LogicalProductMixEntry_Table","1","2","Integer","","10","","False",""
"LogicalProductMixEntry_Table","2","108","Integer","","10","","True","1"
"LogicalProductMixEntry_Table","3","3700","Integer","","10","","True","1"
"LogicalProductMixEntry_Table","4","3701","Double","","15","","True","0"
"LogicalProductMixEntry_Table","5","3702","WChar","50","","","True",""
"LogicalProductMixEntry_Table","6","3703","Integer","","10","","True","0"
"LogicalTask_Table","1","2","Integer","","10","","False",""
"LogicalTask_Table","2","1","WChar","80","","","True",""
"LogicalTask_Table","3","121","Integer","","10","","True","1"
"LogicalTask_Table","4","104","Integer","","10","","True","1"
"LogicalTask_Table","5","3","WChar","250","","","True",""
"LogicalTask_Table","6","500","Date","","","","True",""
"LogicalTask_Table","7","501","Date","","","","True",""
"LogicalTask_Table","8","2803","Boolean","2","","","False",""
"LogicalTask_Table","9","21","Boolean","2","","","False",""
"LogicalTask_Table","10","20","WChar","50","","","True",""
"LogicalTask_Table","11","6","Date","","","","True",""
"LogicalTile_Table","1","2","Integer","","10","","False",""
"LogicalTile_Table","2","1","WChar","80","","","True",""
"LogicalTile_Table","3","3","WChar","255","","","True",""
"LogicalTile_Table","4","2543","WChar","80","","","True",""
"LogicalTile_Table","5","3600","Integer","","10","","True",""
"LogicalTile_Table","6","3601","Double","","15","","True","0"
"LogicalTile_Table","7","19","Boolean","2","","","False","Yes"
"LogicalTile_Table","8","20","WChar","50","","","True",""
"LogicalTile_Table","9","21","Boolean","2","","","False","0"
"LogicalTile_Table","10","6","Date","","","","True",""
"LogicalTile_Table","11","22","Boolean","2","","","False",""
"LogicalTileFeature_Table","1","2","Integer","","10","","False",""
"LogicalTileFeature_Table","2","1","WChar","80","","","True",""
"LogicalTileFeature_Table","3","3","WChar","255","","","True",""
"LogicalTileFeature_Table","4","2543","WChar","80","","","True",""
"LogicalTileFeature_Table","5","3602","Integer","","10","","True",""
"LogicalTileFeature_Table","6","19","Boolean","2","","","False","0"
"LogicalTileFeature_Table","7","20","WChar","50","","","True",""
"LogicalTileFeature_Table","8","21","Boolean","2","","","False","0"
"LogicalTileFeature_Table","9","6","Date","","","","True",""
"LogicalTileGroup_Table","1","2","Integer","","10","","False",""
"LogicalTileGroup_Table","2","1","WChar","80","","","True",""
"LogicalTileGroup_Table","3","3","WChar","255","","","True",""
"LogicalTileGroup_Table","4","19","Boolean","2","","","False","0"
"LogicalTileGroup_Table","5","20","WChar","50","","","True",""
"LogicalTileGroup_Table","6","21","Boolean","2","","","False","0"
"LogicalTileGroup_Table","7","6","Date","","","","True",""
"LogicalVehicle_Table","1","2","Integer","","10","","False",""
"LogicalVehicle_Table","2","1","WChar","80","","","True",""
"LogicalVehicle_Table","3","3","WChar","250","","","True",""
"LogicalVehicle_Table","4","2601","Double","","15","","True","0"
"LogicalVehicle_Table","5","2602","Double","","15","","True","0"
"LogicalVehicle_Table","6","2603","Double","","15","","True","0"
"LogicalVehicle_Table","7","2604","Integer","","10","","True","0"
"LogicalVehicle_Table","8","2605","Double","","15","","True","0"
"LogicalVehicle_Table","9","2606","Double","","15","","True","0"
"LogicalVehicle_Table","10","2607","Double","","15","","True","0"
"LogicalVehicle_Table","11","2608","Double","","15","","True","0"
"LogicalVehicle_Table","12","2609","Double","","15","","True","0"
"LogicalVehicle_Table","13","2610","Double","","15","","True","0"
"LogicalVehicle_Table","14","2611","Double","","15","","True","0"
"LogicalVehicle_Table","15","2612","Integer","","10","","True","0"
"LogicalVehicle_Table","16","2613","Double","","15","","True","0"
"LogicalVehicle_Table","17","2614","Double","","15","","True","0"
"LogicalVehicle_Table","18","2615","Double","","15","","True","0"
"LogicalVehicle_Table","19","2616","Double","","15","","True","0"
"LogicalVehicle_Table","20","2617","Integer","","10","","True","0"
"LogicalVehicle_Table","21","2618","Double","","15","","True","0"
"LogicalVehicle_Table","22","2619","Integer","","10","","True","0"
"LogicalVehicle_Table","23","2620","Double","","15","","True","0"
"LogicalVehicle_Table","24","2621","Double","","15","","True","0"
"LogicalVehicle_Table","25","2626","Double","","15","","True","0"
"LogicalVehicle_Table","26","2625","Integer","","10","","True","0"
"LogicalVehicle_Table","27","2627","WChar","80","","","True",""
"LogicalVehicle_Table","28","2628","WChar","80","","","True",""
"LogicalVehicle_Table","29","2629","Integer","","10","","True","1990"
"LogicalVehicle_Table","30","2600","WChar","80","","","True",""
"LogicalVehicle_Table","31","2644","Double","","15","","True","0"
"LogicalVehicle_Table","32","2630","Integer","","10","","True","0"
"LogicalVehicle_Table","33","2645","Double","","15","","True","0"
"LogicalVehicle_Table","34","2642","Integer","","10","","True","0"
"LogicalVehicle_Table","35","2643","Double","","15","","True","0"
"LogicalVehicle_Table","36","2646","WChar","0","","","True",""
"LogicalVehicle_Table","37","2647","WChar","0","","","True",""
"LogicalVehicle_Table","38","2649","Boolean","2","","","False","No"
"LogicalVehicle_Table","39","2650","Double","","15","","True","0"
"LogicalVehicle_Table","40","2652","Integer","","10","","True","0"
"LogicalVehicle_Table","41","2653","Double","","15","","True","0"
"LogicalVehicle_Table","42","2654","Double","","15","","True","0"
"LogicalVehicle_Table","43","19","Boolean","2","","","False","Yes"
"LogicalVehicle_Table","44","21","Boolean","2","","","False",""
"LogicalVehicle_Table","45","22","Boolean","2","","","False",""
"LogicalVehicle_Table","46","20","WChar","50","","","True",""
"LogicalVehicle_Table","47","6","Date","","","","True","#1/1/1990#"
"MappableProps_Table","1","2","Integer","","10","","False",""
"MappableProps_Table","2","1","WChar","80","","","True",""
"MappableProps_Table","3","112","Integer","","10","","True","0"
"MappableProps_Table","4","405","Integer","","10","","True","0"
"MappableProps_Table","5","202","Integer","","10","","True","0"
"MappableProps_Table","6","1007","Boolean","2","","","False","Yes"
"MappableProps_Table","7","1039","Boolean","2","","","False","No"
"MappableProps_Table","8","21","Boolean","2","","","False","No"
"MappableProps_Table","9","20","WChar","50","","","True",""
"MappableProps_Table","10","6","Date","","","","True","#1/1/1990#"
"MapSettingsTable","1","2","Integer","","10","","False",""
"MapSettingsTable","2","115","WChar","50","","","True",""
"MapSettingsTable","3","21","Boolean","2","","","False",""
"MapSettingsTable","4","6","Date","","","","True","#1/1/1990#"
"Mode_Table","1","2","Integer","","10","","False","0"
"Mode_Table","2","1","WChar","80","","","True",""
"Mode_Table","3","2102","Boolean","2","","","False",""
"Mode_Table","4","2103","Integer","","10","","True","-1"
"Mode_Table","5","21","Boolean","2","","","False",""
"Mode_Table","6","20","WChar","50","","","True",""
"Mode_Table","7","6","Date","","","","True",""
"ModeDefinitionTable","1","106","Integer","","10","","True","0"
"ModeDefinitionTable","2","201","Integer","","10","","True","0"
"ModeDefinitionTable","3","6","Date","","","","True","#1/1/1990#"
"Monitor_Table","1","2","Integer","","10","","False",""
"Monitor_Table","2","1","WChar","80","","","True",""
"Monitor_Table","3","100","Integer","","10","","True","1"
"Monitor_Table","4","21","Boolean","2","","","False",""
"Monitor_Table","5","26","WChar","50","","","True",""
"Monitor_Table","6","23","WChar","50","","","True",""
"Monitor_Table","7","6","Date","","","","True","#1/1/1990#"
"NotesTable","1","2","Integer","","10","","False",""
"NotesTable","2","11","Double","","15","","True","0"
"NotesTable","3","12","Double","","15","","True","0"
"NotesTable","4","10","WChar","0","","","True",""
"NotesTable","5","1300","Boolean","2","","","False",""
"NotesTable","6","2000","Integer","","10","","True","0"
"NotesTable","7","2001","Integer","","10","","True","0"
"NotesTable","8","2002","WChar","255","","","True",""
"NotesTable","9","2003","Integer","","10","","True","-1"
"NotesTable","10","2004","WChar","255","","","True",""
"NotesTable","11","21","Boolean","2","","","False",""
"NotesTable","12","20","WChar","50","","","True",""
"NotesTable","13","6","Date","","","","True",""
"Operation_Table","1","2","Integer","","10","","False","1000"
"Operation_Table","2","1","WChar","80","","","True",""
"Operation_Table","3","106","Integer","","10","","True","0"
"Operation_Table","4","10","WChar","0","","","True",""
"Operation_Table","5","2101","Boolean","2","","","False",""
"Operation_Table","6","1008","Boolean","2","","","False",""
"Operation_Table","7","2105","Integer","","10","","True","0"
"Operation_Table","8","2104","Integer","","10","","True","4"
"Operation_Table","9","2100","WChar","50","","","True",""
"Operation_Table","10","2106","Boolean","2","","","False","Yes"
"Operation_Table","11","19","Boolean","2","","","False","Yes"
"Operation_Table","12","21","Boolean","2","","","False",""
"Operation_Table","13","22","Boolean","2","","","False",""
"Operation_Table","14","20","WChar","50","","","True",""
"Operation_Table","15","6","Date","","","","True",""
"Operation_Table","16","2107","Integer","","10","","True","0"
"Operation_Table","17","2108","Double","","15","","True","0.15"
"OperationalInstance_Table","1","2","Integer","","10","","False",""
"OperationalInstance_Table","2","1","WChar","80","","","True",""
"OperationalInstance_Table","3","112","Integer","","10","","True","1"
"OperationalInstance_Table","4","2105","Integer","","10","","True","0"
"OperationalInstance_Table","5","4","Integer","","10","","True","0"
"OperationalInstance_Table","6","2125","Integer","","10","","True","1"
"OperationalInstance_Table","7","2126","Integer","","10","","True","1"
"OperationalInstance_Table","8","2127","Integer","","10","","True","1"
"OperationalInstance_Table","9","19","Boolean","2","","","False","Yes"
"OperationalInstance_Table","10","21","Boolean","2","","","False",""
"OperationalInstance_Table","11","20","WChar","50","","","True",""
"OperationalInstance_Table","12","6","Date","","","","True",""
"OperationChart3DSettings","1","112","Integer","","10","","True","0"
"OperationChart3DSettings","2","1501","Integer","","10","","True","1"
"OperationChart3DSettings","3","6","Date","","","","True","#1/1/1990#"
"OperationMapSettings","1","112","Integer","","10","","True","0"
"OperationMapSettings","2","1500","Integer","","10","","True","0"
"OperationMapSettings","3","6","Date","","","","True","#1/1/1990#"
"OperationPair_Table","1","2","Integer","","10","","True","0"
"OperationPair_Table","2","1","WChar","80","","","True",""
"OperationPair_Table","3","3","WChar","250","","","True",""
"OperationPair_Table","4","133","Integer","","10","","True","0"
"OperationPair_Table","5","134","Integer","","10","","True","0"
"OperationPair_Table","6","21","Boolean","2","","","False",""
"OperationPair_Table","7","20","WChar","50","","","True",""
"OperationPair_Table","8","6","Date","","","","True",""
"Physical_Dataset_Table","1","2","Integer","","10","","False",""
"Physical_Dataset_Table","2","1","WChar","80","","","True",""
"Physical_Dataset_Table","3","106","Integer","","10","","True","1"
"Physical_Dataset_Table","4","8","WChar","50","","","True",""
"Physical_Dataset_Table","5","105","Integer","","10","","True","1"
"Physical_Dataset_Table","6","4","Integer","","10","","True",""
"Physical_Dataset_Table","7","17","WChar","0","","","True",""
"Physical_Dataset_Table","8","23","WChar","80","","","True",""
"Physical_Dataset_Table","9","300","Integer","","10","","True",""
"Physical_Dataset_Table","10","24","WChar","0","","","True",""
"Physical_Dataset_Table","11","143","Integer","","10","","True","1"
"Physical_Dataset_Table","12","21","Boolean","2","","","False","0"
"Physical_Dataset_Table","13","5","Date","","","","True",""
"Physical_Dataset_Table","14","6","Date","","","","True",""
"Physical_Dataset_Table","15","33","WChar","0","","","True",""
"Physical_Farm_Table","1","2","Integer","","10","","False",""
"Physical_Farm_Table","2","1","WChar","80","","","True",""
"Physical_Farm_Table","3","27","WChar","50","","","True",""
"Physical_Farm_Table","4","101","Integer","","10","","True","1"
"Physical_Farm_Table","5","116","Integer","","10","","True","1"
"Physical_Farm_Table","6","8","WChar","80","","","True",""
"Physical_Farm_Table","7","4","Integer","","10","","True","0"
"Physical_Farm_Table","8","17","WChar","80","","","True",""
"Physical_Farm_Table","9","23","WChar","50","","","True",""
"Physical_Farm_Table","10","5","Date","","","","True",""
"Physical_Farm_Table","11","18","Boolean","2","","","False",""
"Physical_Farm_Table","12","21","Boolean","2","","","False",""
"Physical_Farm_Table","13","10","WChar","0","","","True",""
"Physical_Farm_Table","14","7","Double","","15","","True","0"
"Physical_Farm_Table","15","701","WChar","50","","","True",""
"Physical_Farm_Table","16","702","WChar","50","","","True",""
"Physical_Farm_Table","17","703","WChar","50","","","True",""
"Physical_Farm_Table","18","6","Date","","","","True","#1/1/1990#"
"Physical_Field_Table","1","2","Integer","","10","","False",""
"Physical_Field_Table","2","1","WChar","80","","","True",""
"Physical_Field_Table","3","27","WChar","50","","","True",""
"Physical_Field_Table","4","104","Integer","","10","","True","1"
"Physical_Field_Table","5","102","Integer","","10","","True","1"
"Physical_Field_Table","6","8","WChar","80","","","True",""
"Physical_Field_Table","7","4","Integer","","10","","True","0"
"Physical_Field_Table","8","17","WChar","80","","","True",""
"Physical_Field_Table","9","23","WChar","80","","","True",""
"Physical_Field_Table","10","5","Date","","","","True",""
"Physical_Field_Table","11","18","Boolean","2","","","False","No"
"Physical_Field_Table","12","21","Boolean","2","","","False",""
"Physical_Field_Table","13","9","Integer","","10","","True","0"
"Physical_Field_Table","14","800","Boolean","2","","","False",""
"Physical_Field_Table","15","801","Integer","","10","","True","1"
"Physical_Field_Table","16","10","WChar","0","","","True",""
"Physical_Field_Table","17","13","WChar","50","","","True",""
"Physical_Field_Table","18","7","Double","","15","","True","0"
"Physical_Field_Table","19","702","WChar","50","","","True",""
"Physical_Field_Table","20","703","WChar","50","","","True",""
"Physical_Field_Table","21","803","WChar","50","","","True",""
"Physical_Field_Table","22","804","WChar","50","","","True",""
"Physical_Field_Table","23","805","WChar","50","","","True",""
"Physical_Field_Table","24","806","WChar","50","","","True",""
"Physical_Field_Table","25","807","WChar","50","","","True",""
"Physical_Field_Table","26","808","WChar","0","","","True",""
"Physical_Field_Table","27","813","Double","","15","","True","0"
"Physical_Field_Table","28","814","Double","","15","","True","0"
"Physical_Field_Table","29","815","Double","","15","","True","0"
"Physical_Field_Table","30","830","WChar","50","","","True",""
"Physical_Field_Table","31","831","WChar","50","","","True",""
"Physical_Field_Table","32","832","WChar","50","","","True",""
"Physical_Field_Table","33","833","WChar","50","","","True",""
"Physical_Field_Table","34","834","Double","","15","","True","0"
"Physical_Field_Table","35","835","Double","","15","","True","0"
"Physical_Field_Table","36","836","Double","","15","","True","0"
"Physical_Field_Table","37","11","Double","","15","","True","0"
"Physical_Field_Table","38","12","Double","","15","","True","0"
"Physical_Field_Table","39","6","Date","","","","True","#1/1/1990#"
"Physical_Field_Table","40","816","WChar","0","","","True",""
"Physical_FieldNote_Table","1","2","Integer","","10","","False",""
"Physical_FieldNote_Table","2","153","Integer","","10","","True","1"
"Physical_FieldNote_Table","3","4","Integer","","10","","True","0"
"Physical_FieldNote_Table","4","17","WChar","80","","","True",""
"Physical_FieldNote_Table","5","18","Boolean","2","","","False","No"
"Physical_FieldNote_Table","6","23","WChar","50","","","True",""
"Physical_FieldNote_Table","7","5","Date","","","","True",""
"Physical_FieldNote_Table","8","6","Date","","","","True",""
"Physical_FieldNote_Table","9","21","Boolean","2","","","False","No"
"Physical_Pest_Table","1","2","Integer","","10","","False",""
"Physical_Pest_Table","2","1","WChar","80","","","True",""
"Physical_Pest_Table","3","3","WChar","250","","","True",""
"Physical_Pest_Table","4","3226","WChar","80","","","True",""
"Physical_Pest_Table","5","3350","Integer","","10","","True","0"
"Physical_Pest_Table","6","3351","Integer","","10","","True","0"
"Physical_Pest_Table","7","3352","WChar","250","","","True",""
"Physical_Pest_Table","8","3353","Integer","","10","","True","1"
"Physical_Pest_Table","9","3354","Integer","","10","","True","12"
"Physical_Pest_Table","10","3355","WChar","100","","","True",""
"Physical_Pest_Table","11","19","Boolean","2","","","False","Yes"
"Physical_Pest_Table","12","21","Boolean","2","","","False",""
"Physical_Pest_Table","13","20","WChar","50","","","True",""
"Physical_Pest_Table","14","6","Date","","","","True","#1/1/1990#"
"Physical_Pest_Table","15","140","Integer","","10","","True",""
"Physical_Pest_Table","16","4","Integer","","10","","True","0"
"Physical_Pest_Table","17","17","WChar","80","","","True",""
"Physical_Pest_Table","18","23","WChar","80","","","True",""
"Physical_Pest_Table","19","5","Date","","","","True",""
"Physical_Pest_Table","20","18","Boolean","2","","","False",""
"Physical_Product_Table","1","2","Integer","","10","","False",""
"Physical_Product_Table","2","1","WChar","80","","","True",""
"Physical_Product_Table","3","108","Integer","","10","","True","33"
"Physical_Product_Table","4","117","Integer","","10","","True","1"
"Physical_Product_Table","5","111","Integer","","10","","True","0"
"Physical_Product_Table","6","114","Integer","","10","","True","0"
"Physical_Product_Table","7","106","Integer","","10","","True","0"
"Physical_Product_Table","8","8","WChar","80","","","True",""
"Physical_Product_Table","9","4","Integer","","10","","True","0"
"Physical_Product_Table","10","17","WChar","210","","","True",""
"Physical_Product_Table","11","23","WChar","80","","","True",""
"Physical_Product_Table","12","5","Date","","","","True",""
"Physical_Product_Table","13","18","Boolean","2","","","False",""
"Physical_Product_Table","14","19","Boolean","2","","","False","1"
"Physical_Product_Table","15","21","Boolean","2","","","False",""
"Physical_Product_Table","16","10","WChar","0","","","True",""
"Physical_Product_Table","17","2582","Integer","","10","","True","0"
"Physical_Product_Table","18","2533","Integer","","10","","True","0"
"Physical_Product_Table","19","2534","Integer","","10","","True","0"
"Physical_Product_Table","20","2535","Integer","","10","","True","0"
"Physical_Product_Table","21","2536","Double","","15","","True","0"
"Physical_Product_Table","22","2537","Integer","","10","","True","0"
"Physical_Product_Table","23","2538","Integer","","10","","True","0"
"Physical_Product_Table","24","2539","Integer","","10","","True","0"
"Physical_Product_Table","25","2542","WChar","50","","","True",""
"Physical_Product_Table","26","2543","WChar","80","","","True",""
"Physical_Product_Table","27","2544","Integer","","10","","True","0"
"Physical_Product_Table","28","2545","Boolean","2","","","False",""
"Physical_Product_Table","29","2546","Integer","","10","","True","0"
"Physical_Product_Table","30","2547","Integer","","10","","True","0"
"Physical_Product_Table","31","2548","Double","","15","","True","0"
"Physical_Product_Table","32","2549","Double","","15","","True","0"
"Physical_Product_Table","33","2550","Boolean","2","","","False",""
"Physical_Product_Table","34","2551","Boolean","2","","","False",""
"Physical_Product_Table","35","2552","Boolean","2","","","False",""
"Physical_Product_Table","36","2553","WChar","50","","","True",""
"Physical_Product_Table","37","2554","Double","","15","","True","0"
"Physical_Product_Table","38","2555","Integer","","10","","True","0"
"Physical_Product_Table","39","2556","Double","","15","","True","0"
"Physical_Product_Table","40","2559","Double","","15","","True","0"
"Physical_Product_Table","41","2560","Double","","15","","True","0"
"Physical_Product_Table","42","2561","Double","","15","","True","0"
"Physical_Product_Table","43","2500","Double","","15","","True","0"
"Physical_Product_Table","44","2558","Boolean","2","","","False","No"
"Physical_Product_Table","45","2575","Double","","15","","True","0"
"Physical_Product_Table","46","2576","WChar","50","","","True",""
"Physical_Product_Table","47","2577","WChar","50","","","True",""
"Physical_Product_Table","48","2578","Double","","15","","True","0"
"Physical_Product_Table","49","2579","WChar","50","","","True",""
"Physical_Product_Table","50","2580","Boolean","2","","","False",""
"Physical_Product_Table","51","2581","WChar","50","","","True",""
"Physical_Product_Table","52","2599","Boolean","2","","","False",""
"Physical_Product_Table","53","1604","WChar","50","","","True",""
"Physical_Product_Table","54","3200","Double","","15","","True","0"
"Physical_Product_Table","55","3201","Double","","15","","True","0"
"Physical_Product_Table","56","3202","Double","","15","","True","0"
"Physical_Product_Table","57","3203","WChar","50","","","True",""
"Physical_Product_Table","58","3204","WChar","50","","","True",""
"Physical_Product_Table","59","3205","WChar","50","","","True",""
"Physical_Product_Table","60","3206","Double","","15","","True","0"
"Physical_Product_Table","61","3207","Double","","15","","True","0"
"Physical_Product_Table","62","3208","Double","","15","","True","0"
"Physical_Product_Table","63","3209","WChar","50","","","True",""
"Physical_Product_Table","64","3210","WChar","50","","","True",""
"Physical_Product_Table","65","3211","WChar","50","","","True",""
"Physical_Product_Table","66","3212","Integer","","10","","True","0"
"Physical_Product_Table","67","3213","Integer","","10","","True","0"
"Physical_Product_Table","68","3214","Integer","","10","","True","0"
"Physical_Product_Table","69","3222","WChar","50","","","True",""
"Physical_Product_Table","70","3223","WChar","50","","","True",""
"Physical_Product_Table","71","3224","WChar","50","","","True",""
"Physical_Product_Table","72","3216","Double","","15","","True","0"
"Physical_Product_Table","73","3217","Double","","15","","True","0"
"Physical_Product_Table","74","3218","Double","","15","","True","0"
"Physical_Product_Table","75","3219","Double","","15","","True","0"
"Physical_Product_Table","76","3230","Double","","15","","True","0"
"Physical_Product_Table","77","3231","Double","","15","","True","0"
"Physical_Product_Table","78","3215","Double","","15","","True","0"
"Physical_Product_Table","79","3220","Double","","15","","True","0"
"Physical_Product_Table","80","3221","Double","","15","","True","0"
"Physical_Product_Table","81","3","WChar","50","","","True",""
"Physical_Product_Table","82","3225","Boolean","2","","","False",""
"Physical_Product_Table","83","3226","WChar","50","","","True",""
"Physical_Product_Table","84","3227","Boolean","2","","","False",""
"Physical_Product_Table","85","3228","WChar","50","","","True",""
"Physical_Product_Table","86","3229","WChar","0","","","True",""
"Physical_Product_Table","87","2562","Double","","15","","True","0"
"Physical_Product_Table","88","25","WChar","50","","","True",""
"Physical_Product_Table","89","2563","Boolean","2","","","False","0"
"Physical_Product_Table","90","2564","WChar","255","","","True",""
"Physical_Product_Table","91","2566","Boolean","2","","","False","0"
"Physical_Product_Table","92","2567","Integer","","10","","True",""
"Physical_Product_Table","93","3551","WChar","80","","","True",""
"Physical_Product_Table","94","6","Date","","","","True","#1/1/1990#"
"Physical_Product_Table","95","3232","Integer","","10","","True","-1"
"Physical_Units_Table","1","2","Integer","","10","","False",""
"Physical_Units_Table","2","1","WChar","50","","","True",""
"Physical_Units_Table","3","21","Boolean","2","","","False",""
"Physical_Units_Table","4","6","Date","","","","True","#1/1/1990#"
"PhysicalAttatchment_Table","1","2","Integer","","10","","False",""
"PhysicalAttatchment_Table","2","1","WChar","80","","","True",""
"PhysicalAttatchment_Table","3","125","Integer","","10","","True","1"
"PhysicalAttatchment_Table","4","8","WChar","80","","","True",""
"PhysicalAttatchment_Table","5","4","Integer","","10","","True","0"
"PhysicalAttatchment_Table","6","17","WChar","80","","","True",""
"PhysicalAttatchment_Table","7","23","WChar","80","","","True",""
"PhysicalAttatchment_Table","8","5","Date","","","","True","#1/1/2000#"
"PhysicalAttatchment_Table","9","18","Boolean","2","","","False",""
"PhysicalAttatchment_Table","10","21","Boolean","2","","","False",""
"PhysicalAttatchment_Table","11","2627","WChar","80","","","True",""
"PhysicalAttatchment_Table","12","2628","WChar","80","","","True",""
"PhysicalAttatchment_Table","13","2629","Integer","","10","","True","0"
"PhysicalAttatchment_Table","14","3","WChar","250","","","True",""
"PhysicalAttatchment_Table","15","2607","Double","","15","","True","0"
"PhysicalAttatchment_Table","16","2611","Double","","15","","True","0"
"PhysicalAttatchment_Table","17","2612","Integer","","10","","True","0"
"PhysicalAttatchment_Table","18","2613","Double","","15","","True","0"
"PhysicalAttatchment_Table","19","2614","Double","","15","","True","0"
"PhysicalAttatchment_Table","20","2615","Double","","15","","True","0"
"PhysicalAttatchment_Table","21","2616","Double","","15","","True","0"
"PhysicalAttatchment_Table","22","2617","Integer","","10","","True","0"
"PhysicalAttatchment_Table","23","2618","Double","","15","","True","0"
"PhysicalAttatchment_Table","24","2619","Integer","","10","","True","0"
"PhysicalAttatchment_Table","25","2620","Double","","15","","True","0"
"PhysicalAttatchment_Table","26","2621","Double","","15","","True","0"
"PhysicalAttatchment_Table","27","2622","Integer","","10","","True","0"
"PhysicalAttatchment_Table","28","2608","Double","","15","","True","0"
"PhysicalAttatchment_Table","29","2609","Double","","15","","True","0"
"PhysicalAttatchment_Table","30","2610","Double","","15","","True","0"
"PhysicalAttatchment_Table","31","2600","WChar","100","","","True",""
"PhysicalAttatchment_Table","32","2630","Integer","","10","","True","0"
"PhysicalAttatchment_Table","33","2636","Double","","15","","True","0"
"PhysicalAttatchment_Table","34","2637","Double","","15","","True","0"
"PhysicalAttatchment_Table","35","2640","Double","","15","","True","0"
"PhysicalAttatchment_Table","36","2641","Double","","15","","True","0"
"PhysicalAttatchment_Table","37","2646","WChar","0","","","True",""
"PhysicalAttatchment_Table","38","2647","WChar","0","","","True",""
"PhysicalAttatchment_Table","39","6","Date","","","","True","#1/1/1990#"
"PhysicalContainer_Table","1","2","Integer","","10","","False",""
"PhysicalContainer_Table","2","1","WChar","50","","","True",""
"PhysicalContainer_Table","3","129","Integer","","10","","True","1"
"PhysicalContainer_Table","4","8","WChar","80","","","True",""
"PhysicalContainer_Table","5","4","Integer","","10","","True","0"
"PhysicalContainer_Table","6","17","WChar","50","","","True",""
"PhysicalContainer_Table","7","23","WChar","80","","","True",""
"PhysicalContainer_Table","8","5","Date","","","","True","#1/1/2000#"
"PhysicalContainer_Table","9","18","Boolean","2","","","False",""
"PhysicalContainer_Table","10","21","Boolean","2","","","False",""
"PhysicalContainer_Table","11","3","WChar","255","","","True",""
"PhysicalContainer_Table","12","124","Integer","","10","","True","1"
"PhysicalContainer_Table","13","126","Integer","","10","","True","1"
"PhysicalContainer_Table","14","2900","Integer","","10","","True","55"
"PhysicalContainer_Table","15","2903","Integer","","10","","True","0"
"PhysicalContainer_Table","16","2902","Integer","","10","","True","0"
"PhysicalContainer_Table","17","2904","WChar","50","","","True",""
"PhysicalContainer_Table","18","2906","Integer","","10","","True",""
"PhysicalContainer_Table","19","2907","WChar","50","","","True",""
"PhysicalContainer_Table","20","2908","WChar","80","","","True",""
"PhysicalContainer_Table","21","2909","Boolean","2","","","False","0"
"PhysicalContainer_Table","22","2910","WChar","0","","","True",""
"PhysicalContainer_Table","23","6","Date","","","","True","#1/1/1990#"
"PhysicalCrop_Table","1","2","Integer","","10","","False",""
"PhysicalCrop_Table","2","1","WChar","255","","","True",""
"PhysicalCrop_Table","3","2535","Integer","","10","","True","0"
"PhysicalCrop_Table","4","8","WChar","80","","","True",""
"PhysicalCrop_Table","5","4","Integer","","10","","True","0"
"PhysicalCrop_Table","6","17","WChar","255","","","True",""
"PhysicalCrop_Table","7","23","WChar","80","","","True",""
"PhysicalCrop_Table","8","5","Date","","","","True","#1/1/2000#"
"PhysicalCrop_Table","9","18","Boolean","2","","","False",""
"PhysicalCrop_Table","10","21","Boolean","2","","","False",""
"PhysicalCrop_Table","11","6","Date","","","","True","#1/1/1990#"
"PhysicalEquipmentConfig_Table","1","2","Integer","","10","","False",""
"PhysicalEquipmentConfig_Table","2","1","WChar","50","","","True",""
"PhysicalEquipmentConfig_Table","3","136","Integer","","10","","True","1"
"PhysicalEquipmentConfig_Table","4","8","WChar","50","","","True",""
"PhysicalEquipmentConfig_Table","5","4","Integer","","10","","True","0"
"PhysicalEquipmentConfig_Table","6","17","WChar","50","","","True",""
"PhysicalEquipmentConfig_Table","7","23","WChar","80","","","True",""
"PhysicalEquipmentConfig_Table","8","5","Date","","","","True",""
"PhysicalEquipmentConfig_Table","9","18","Boolean","2","","","False",""
"PhysicalEquipmentConfig_Table","10","21","Boolean","2","","","False",""
"PhysicalEquipmentConfig_Table","11","6","Date","","","","True","#1/1/1990#"
"PhysicalGrower_Table","1","2","Integer","","10","","False",""
"PhysicalGrower_Table","2","1","WChar","80","","","True",""
"PhysicalGrower_Table","3","27","WChar","50","","","True",""
"PhysicalGrower_Table","4","100","Integer","","10","","True","1"
"PhysicalGrower_Table","5","8","WChar","80","","","True",""
"PhysicalGrower_Table","6","4","Integer","","10","","True","0"
"PhysicalGrower_Table","7","17","WChar","80","","","True",""
"PhysicalGrower_Table","8","23","WChar","80","","","True",""
"PhysicalGrower_Table","9","5","Date","","","","True",""
"PhysicalGrower_Table","10","18","Boolean","2","","","False",""
"PhysicalGrower_Table","11","21","Boolean","2","","","False",""
"PhysicalGrower_Table","12","600","WChar","80","","","True",""
"PhysicalGrower_Table","13","601","WChar","80","","","True",""
"PhysicalGrower_Table","14","602","WChar","50","","","True",""
"PhysicalGrower_Table","15","603","WChar","50","","","True",""
"PhysicalGrower_Table","16","604","WChar","50","","","True",""
"PhysicalGrower_Table","17","605","WChar","50","","","True",""
"PhysicalGrower_Table","18","606","WChar","50","","","True",""
"PhysicalGrower_Table","19","832","WChar","100","","","True",""
"PhysicalGrower_Table","20","831","WChar","80","","","True",""
"PhysicalGrower_Table","21","833","WChar","50","","","True",""
"PhysicalGrower_Table","22","830","WChar","80","","","True",""
"PhysicalGrower_Table","23","609","WChar","100","","","True",""
"PhysicalGrower_Table","24","3","WChar","250","","","True",""
"PhysicalGrower_Table","25","610","WChar","80","","","True",""
"PhysicalGrower_Table","26","6","Date","","","","True","#1/1/1990#"
"PhysicalGuidancePattern_Table","1","2","Integer","","10","","False",""
"PhysicalGuidancePattern_Table","2","3950","WChar","50","","","True",""
"PhysicalGuidancePattern_Table","3","17","WChar","0","","","True",""
"PhysicalGuidancePattern_Table","4","23","WChar","80","","","True",""
"PhysicalJob_Table","1","2","Integer","","10","","False",""
"PhysicalJob_Table","2","1","WChar","80","","","True",""
"PhysicalJob_Table","3","121","Integer","","10","","True","1"
"PhysicalJob_Table","4","8","WChar","80","","","True",""
"PhysicalJob_Table","5","4","Integer","","10","","True","0"
"PhysicalJob_Table","6","17","WChar","80","","","True",""
"PhysicalJob_Table","7","23","WChar","80","","","True",""
"PhysicalJob_Table","8","5","Date","","","","True",""
"PhysicalJob_Table","9","18","Boolean","2","","","False",""
"PhysicalJob_Table","10","21","Boolean","2","","","False",""
"PhysicalJob_Table","11","6","Date","","","","True","#1/1/1990#"
"PhysicalLinkedItem_Table","1","2","Integer","","10","","False",""
"PhysicalLinkedItem_Table","2","1","WChar","80","","","True",""
"PhysicalLinkedItem_Table","3","23","WChar","50","","","True",""
"PhysicalLinkedItem_Table","4","17","WChar","80","","","True",""
"PhysicalLinkedItem_Table","5","4","Integer","","10","","True","0"
"PhysicalLinkedItem_Table","6","139","Integer","","10","","True","0"
"PhysicalLinkedItem_Table","7","6","Date","","","","True","#1/1/1990#"
"PhysicalOperatingConfig_Table","1","2","Integer","","10","","False",""
"PhysicalOperatingConfig_Table","2","1","WChar","80","","","True",""
"PhysicalOperatingConfig_Table","3","128","Integer","","10","","True","1"
"PhysicalOperatingConfig_Table","4","8","WChar","80","","","True",""
"PhysicalOperatingConfig_Table","5","4","Integer","","10","","True","0"
"PhysicalOperatingConfig_Table","6","17","WChar","80","","","True",""
"PhysicalOperatingConfig_Table","7","23","WChar","80","","","True",""
"PhysicalOperatingConfig_Table","8","5","Date","","","","True","#1/1/2000#"
"PhysicalOperatingConfig_Table","9","18","Boolean","2","","","False",""
"PhysicalOperatingConfig_Table","10","21","Boolean","2","","","False",""
"PhysicalOperatingConfig_Table","11","6","Date","","","","True","#1/1/1990#"
"PhysicalOperator_Table","1","2","Integer","","10","","False",""
"PhysicalOperator_Table","2","1","WChar","80","","","True",""
"PhysicalOperator_Table","3","3","WChar","250","","","True",""
"PhysicalOperator_Table","4","119","Integer","","10","","True","1"
"PhysicalOperator_Table","5","8","WChar","80","","","True",""
"PhysicalOperator_Table","6","4","Integer","","10","","True","0"
"PhysicalOperator_Table","7","17","WChar","80","","","True",""
"PhysicalOperator_Table","8","23","WChar","80","","","True",""
"PhysicalOperator_Table","9","5","Date","","","","True",""
"PhysicalOperator_Table","10","18","Boolean","2","","","False",""
"PhysicalOperator_Table","11","21","Boolean","2","","","False",""
"PhysicalOperator_Table","12","2701","WChar","50","","","True",""
"PhysicalOperator_Table","13","2700","Integer","","10","","True","0"
"PhysicalOperator_Table","14","600","WChar","100","","","True",""
"PhysicalOperator_Table","15","601","WChar","100","","","True",""
"PhysicalOperator_Table","16","832","WChar","100","","","True",""
"PhysicalOperator_Table","17","831","WChar","80","","","True",""
"PhysicalOperator_Table","18","833","WChar","50","","","True",""
"PhysicalOperator_Table","19","830","WChar","100","","","True",""
"PhysicalOperator_Table","20","606","WChar","80","","","True",""
"PhysicalOperator_Table","21","602","WChar","50","","","True",""
"PhysicalOperator_Table","22","605","WChar","50","","","True",""
"PhysicalOperator_Table","23","610","WChar","80","","","True",""
"PhysicalOperator_Table","24","603","WChar","50","","","True",""
"PhysicalOperator_Table","25","2708","WChar","80","","","True",""
"PhysicalOperator_Table","26","2709","WChar","100","","","True",""
"PhysicalOperator_Table","27","6","Date","","","","True","#1/1/1990#"
"PhysicalOpEvent_Table","1","2","Integer","","10","","False",""
"PhysicalOpEvent_Table","2","1","WChar","50","","","True",""
"PhysicalOpEvent_Table","3","4","Integer","","10","","True",""
"PhysicalOpEvent_Table","4","17","WChar","50","","","True",""
"PhysicalOpEvent_Table","5","23","WChar","80","","","True",""
"PhysicalOpEvent_Table","6","8","WChar","255","","","True",""
"PhysicalOpEvent_Table","7","21","Boolean","2","","","False","0"
"PhysicalOpEvent_Table","8","3","WChar","255","","","True",""
"PhysicalOpEvent_Table","9","6","Date","","","","True",""
"PhysicalOpEvent_Table","10","5","Date","","","","True",""
"PhysicalProductMixEntry_Table","1","2","Integer","","10","","False",""
"PhysicalProductMixEntry_Table","2","107","Integer","","10","","True","1"
"PhysicalProductMixEntry_Table","3","3700","Integer","","10","","True",""
"PhysicalProductMixEntry_Table","4","3701","Double","","15","","True","0"
"PhysicalProductMixEntry_Table","5","3702","WChar","50","","","True",""
"PhysicalProductMixEntry_Table","6","3703","Integer","","10","","True","0"
"PhysicalSpatial_Table","1","SMS_OBJ_ID","WChar","255","","","True",""
"PhysicalSpatial_Table","2","PHYS_ITEM_SOURCE","WChar","255","","","True",""
"PhysicalSpatial_Table","3","PHYSICAL_KEY","WChar","255","","","True",""
"PhysicalTask_Table","1","2","Integer","","10","","False",""
"PhysicalTask_Table","2","1","WChar","80","","","True",""
"PhysicalTask_Table","3","131","Integer","","10","","True","1"
"PhysicalTask_Table","4","8","WChar","80","","","True",""
"PhysicalTask_Table","5","4","Integer","","10","","True","0"
"PhysicalTask_Table","6","17","WChar","80","","","True",""
"PhysicalTask_Table","7","23","WChar","50","","","True",""
"PhysicalTask_Table","8","5","Date","","","","True",""
"PhysicalTask_Table","9","18","Boolean","2","","","False",""
"PhysicalTask_Table","10","21","Boolean","2","","","False",""
"PhysicalTask_Table","11","6","Date","","","","True","#1/1/1990#"
"PhysicalTile_Table","1","2","Integer","","10","","False",""
"PhysicalTile_Table","2","1","WChar","80","","","True",""
"PhysicalTile_Table","3","3","WChar","255","","","True",""
"PhysicalTile_Table","4","2543","WChar","80","","","True",""
"PhysicalTile_Table","5","3600","Integer","","10","","True",""
"PhysicalTile_Table","6","3601","Double","","15","","True",""
"PhysicalTile_Table","7","146","Integer","","10","","True","1"
"PhysicalTile_Table","8","21","Boolean","2","","","False","0"
"PhysicalTile_Table","9","20","WChar","50","","","True",""
"PhysicalTile_Table","10","4","Integer","","10","","True",""
"PhysicalTile_Table","11","17","WChar","80","","","True",""
"PhysicalTile_Table","12","23","WChar","80","","","True",""
"PhysicalTile_Table","13","5","Date","","","","True",""
"PhysicalTile_Table","14","18","Boolean","2","","","False","0"
"PhysicalTileFeature_Table","1","2","Integer","","10","","False",""
"PhysicalTileFeature_Table","2","1","WChar","80","","","True",""
"PhysicalTileFeature_Table","3","3","WChar","255","","","True",""
"PhysicalTileFeature_Table","4","2543","WChar","80","","","True",""
"PhysicalTileFeature_Table","5","3602","Integer","","10","","True",""
"PhysicalTileFeature_Table","6","21","Boolean","2","","","False","0"
"PhysicalTileFeature_Table","7","20","WChar","50","","","True",""
"PhysicalTileFeature_Table","8","4","Integer","","10","","True",""
"PhysicalTileFeature_Table","9","17","WChar","80","","","True",""
"PhysicalTileFeature_Table","10","23","WChar","80","","","True",""
"PhysicalTileFeature_Table","11","5","Date","","","","True",""
"PhysicalTileFeature_Table","12","18","Boolean","2","","","False","0"
"PhysicalTileFeature_Table","13","148","Integer","","10","","True","1"
"PhysicalTileGroup_Table","1","2","Integer","","10","","False",""
"PhysicalTileGroup_Table","2","1","WChar","80","","","True",""
"PhysicalTileGroup_Table","3","3","WChar","255","","","True",""
"PhysicalTileGroup_Table","4","21","Boolean","2","","","False","0"
"PhysicalTileGroup_Table","5","20","WChar","50","","","True",""
"PhysicalTileGroup_Table","6","4","Integer","","10","","True",""
"PhysicalTileGroup_Table","7","17","WChar","80","","","True",""
"PhysicalTileGroup_Table","8","23","WChar","80","","","True",""
"PhysicalTileGroup_Table","9","5","Date","","","","True",""
"PhysicalTileGroup_Table","10","18","Boolean","2","","","False","0"
"PhysicalTileGroup_Table","11","150","Integer","","10","","True","1"
"PhysicalVehicle_Table","1","2","Integer","","10","","False",""
"PhysicalVehicle_Table","2","1","WChar","80","","","True",""
"PhysicalVehicle_Table","3","123","Integer","","10","","True","1"
"PhysicalVehicle_Table","4","8","WChar","80","","","True",""
"PhysicalVehicle_Table","5","4","Integer","","10","","True","0"
"PhysicalVehicle_Table","6","17","WChar","80","","","True",""
"PhysicalVehicle_Table","7","23","WChar","80","","","True",""
"PhysicalVehicle_Table","8","5","Date","","","","True","#1/1/2000#"
"PhysicalVehicle_Table","9","18","Boolean","2","","","False",""
"PhysicalVehicle_Table","10","21","Boolean","2","","","False",""
"PhysicalVehicle_Table","11","2627","WChar","80","","","True",""
"PhysicalVehicle_Table","12","2628","WChar","80","","","True",""
"PhysicalVehicle_Table","13","2629","Integer","","10","","True","0"
"PhysicalVehicle_Table","14","2611","Double","","15","","True","0"
"PhysicalVehicle_Table","15","2600","WChar","80","","","True",""
"PhysicalVehicle_Table","16","3","WChar","250","","","True",""
"PhysicalVehicle_Table","17","2601","Double","","15","","True","0"
"PhysicalVehicle_Table","18","2602","Double","","15","","True","0"
"PhysicalVehicle_Table","19","2603","Double","","15","","True","0"
"PhysicalVehicle_Table","20","2604","Integer","","10","","True","0"
"PhysicalVehicle_Table","21","2605","Double","","15","","True","0"
"PhysicalVehicle_Table","22","2606","Double","","15","","True","0"
"PhysicalVehicle_Table","23","2607","Double","","15","","True","0"
"PhysicalVehicle_Table","24","2608","Double","","15","","True","0"
"PhysicalVehicle_Table","25","2609","Double","","15","","True","0"
"PhysicalVehicle_Table","26","2610","Double","","15","","True","0"
"PhysicalVehicle_Table","27","2612","Integer","","10","","True","0"
"PhysicalVehicle_Table","28","2613","Double","","15","","True","0"
"PhysicalVehicle_Table","29","2614","Double","","15","","True","0"
"PhysicalVehicle_Table","30","2615","Double","","15","","True","0"
"PhysicalVehicle_Table","31","2616","Double","","15","","True","0"
"PhysicalVehicle_Table","32","2617","Integer","","10","","True","0"
"PhysicalVehicle_Table","33","2618","Double","","15","","True","0"
"PhysicalVehicle_Table","34","2619","Integer","","10","","True","0"
"PhysicalVehicle_Table","35","2620","Double","","15","","True","0"
"PhysicalVehicle_Table","36","2621","Double","","15","","True","0"
"PhysicalVehicle_Table","37","2626","Double","","15","","True","0"
"PhysicalVehicle_Table","38","2625","Integer","","10","","True","0"
"PhysicalVehicle_Table","39","2644","Double","","15","","True","0"
"PhysicalVehicle_Table","40","2630","Integer","","10","","True","0"
"PhysicalVehicle_Table","41","2645","Double","","15","","True","0"
"PhysicalVehicle_Table","42","2642","Integer","","10","","True","0"
"PhysicalVehicle_Table","43","2643","Double","","15","","True","0"
"PhysicalVehicle_Table","44","2646","WChar","0","","","True",""
"PhysicalVehicle_Table","45","2647","WChar","0","","","True",""
"PhysicalVehicle_Table","46","6","Date","","","","True","#1/1/1990#"
"Projection_Table","1","2","Integer","","10","","True",""
"Projection_Table","2","1","WChar","255","","","True",""
"Projection_Table","3","900","WChar","255","","","True",""
"Projection_Table","4","21","Boolean","2","","","False",""
"PropertyDefinition_Table","1","2","Integer","","10","","True","0"
"PropertyDefinition_Table","2","1","WChar","60","","","True",""
"PropertyDefinition_Table","3","1013","Boolean","2","","","False",""
"PropertyDefinition_Table","4","1000","Integer","","10","","True","0"
"PropertyDefinition_Table","5","1021","Integer","","10","","True","0"
"PropertyDefinition_Table","6","1001","WChar","60","","","True",""
"PropertyDefinition_Table","7","1003","WChar","60","","","True",""
"PropertyDefinition_Table","8","1004","WChar","60","","","True",""
"PropertyDefinition_Table","9","1005","Boolean","2","","","False",""
"PropertyDefinition_Table","10","1006","Boolean","2","","","False",""
"PropertyDefinition_Table","11","1008","Boolean","2","","","False",""
"PropertyDefinition_Table","12","1009","Boolean","2","","","False",""
"PropertyDefinition_Table","13","1010","Boolean","2","","","False",""
"PropertyDefinition_Table","14","1011","Integer","","10","","True","0"
"PropertyDefinition_Table","15","1012","WChar","31","","","True",""
"PropertyDefinition_Table","16","1027","Integer","","10","","True","0"
"PropertyDefinition_Table","17","1605","Boolean","2","","","False",""
"PropertyDefinition_Table","18","1602","Double","","15","","True","0"
"PropertyDefinition_Table","19","1601","Double","","15","","True","0"
"PropertyDefinition_Table","20","1606","WChar","80","","","True",""
"PropertyDefinition_Table","21","1607","Double","","15","","True","0"
"PropertyDefinition_Table","22","1020","Boolean","2","","","False",""
"PropertyDefinition_Table","23","1028","Boolean","2","","","False",""
"PropertyDefinition_Table","24","1031","WChar","50","","","True",""
"PropertyDefinition_Table","25","1032","WChar","50","","","True",""
"PropertyDefinition_Table","26","1033","WChar","50","","","True",""
"PropertyDefinition_Table","27","1034","WChar","50","","","True",""
"PropertyDefinition_Table","28","1038","Integer","","10","","True","0"
"PropertyDefinition_Table","29","1035","Boolean","2","","","False",""
"PropertyDefinition_Table","30","21","Boolean","2","","","False",""
"PropertyDefinition_Table","31","22","Boolean","2","","","False",""
"PropertyDefinition_Table","32","20","WChar","50","","","True",""
"PropertyDefinition_Table","33","6","Date","","","","True",""
"Report_Filter_Table","1","2","Integer","","10","","False","0"
"Report_Filter_Table","2","1","WChar","80","","","True",""
"Report_Filter_Table","3","20","WChar","50","","","True",""
"Report_Filter_Table","4","3","WChar","250","","","True",""
"Report_Filter_Table","5","1160","Integer","","10","","True","1"
"Report_Filter_Table","6","32","WChar","50","","","True",""
"Report_Filter_Table","7","1008","Boolean","2","","","False",""
"Report_Filter_Table","8","21","Boolean","2","","","False",""
"Report_Filter_Table","9","6","Date","","","","True","#1/1/1990#"
"ReportGrouping_Table","1","2","Integer","","10","","False","0"
"ReportGrouping_Table","2","1","WChar","80","","","True",""
"ReportGrouping_Table","3","1008","Boolean","2","","","False",""
"ReportGrouping_Table","4","21","Boolean","2","","","False",""
"ReportGrouping_Table","5","6","Date","","","","True","#1/1/1990#"
"Sample_Attribute_Definition_Table","1","2","Integer","","10","","False","0"
"Sample_Attribute_Definition_Table","2","1","WChar","60","","","True",""
"Sample_Attribute_Definition_Table","3","1013","Boolean","2","","","False","True"
"Sample_Attribute_Definition_Table","4","1025","Integer","","10","","True","1"
"Sample_Attribute_Definition_Table","5","1000","Integer","","10","","True","0"
"Sample_Attribute_Definition_Table","6","1021","Integer","","10","","True","0"
"Sample_Attribute_Definition_Table","7","1001","WChar","60","","","True",""
"Sample_Attribute_Definition_Table","8","1007","Boolean","2","","","False","Yes"
"Sample_Attribute_Definition_Table","9","1039","Boolean","2","","","False","Yes"
"Sample_Attribute_Definition_Table","10","1012","WChar","60","","","True",""
"Sample_Attribute_Definition_Table","11","1605","Boolean","2","","","False",""
"Sample_Attribute_Definition_Table","12","1024","WChar","60","","","True",""
"Sample_Attribute_Definition_Table","13","1023","Integer","","10","","True","0"
"Sample_Attribute_Definition_Table","14","1027","Integer","","10","","True","0"
"Sample_Attribute_Definition_Table","15","1026","Boolean","2","","","False",""
"Sample_Attribute_Definition_Table","16","1028","Boolean","2","","","False",""
"Sample_Attribute_Definition_Table","17","1020","Boolean","2","","","False",""
"Sample_Attribute_Definition_Table","18","1030","Boolean","2","","","False","True"
"Sample_Attribute_Definition_Table","19","1005","Boolean","2","","","False","True"
"Sample_Attribute_Definition_Table","20","1006","Boolean","2","","","False","True"
"Sample_Attribute_Definition_Table","21","1029","Boolean","2","","","False","False"
"Sample_Attribute_Definition_Table","22","1031","WChar","50","","","True",""
"Sample_Attribute_Definition_Table","23","1032","WChar","50","","","True",""
"Sample_Attribute_Definition_Table","24","1018","WChar","60","","","True",""
"Sample_Attribute_Definition_Table","25","1033","WChar","50","","","True",""
"Sample_Attribute_Definition_Table","26","1034","WChar","50","","","True",""
"Sample_Attribute_Definition_Table","27","1036","Boolean","2","","","False",""
"Sample_Attribute_Definition_Table","28","1602","Double","","15","","True","0"
"Sample_Attribute_Definition_Table","29","1601","Double","","15","","True","0"
"Sample_Attribute_Definition_Table","30","1606","WChar","80","","","True",""
"Sample_Attribute_Definition_Table","31","1607","Double","","15","","True","0"
"Sample_Attribute_Definition_Table","32","1037","Integer","","10","","True","0"
"Sample_Attribute_Definition_Table","33","21","Boolean","2","","","False",""
"Sample_Attribute_Definition_Table","34","22","Boolean","2","","","False",""
"Sample_Attribute_Definition_Table","35","20","WChar","50","","","True",""
"Sample_Attribute_Definition_Table","36","6","Date","","","","True",""
"ScoutingGroup_Table","1","2","Integer","","10","","False",""
"ScoutingGroup_Table","2","1","WChar","80","","","True",""
"ScoutingGroup_Table","3","20","WChar","50","","","True",""
"ScoutingGroup_Table","4","6","Date","","","","True",""
"SetupInfo_Table","1","2","Integer","","10","","False",""
"SetupInfo_Table","2","1","WChar","80","","","True",""
"SetupInfo_Table","3","3","WChar","250","","","True",""
"SetupInfo_Table","4","21","Boolean","2","","","False",""
"SetupInfo_Table","5","20","WChar","50","","","True",""
"SetupInfo_Table","6","6","Date","","","","True","#1/1/1990#"
"Spatial_Filter_Table","1","2","Integer","","10","","False","0"
"Spatial_Filter_Table","2","1","WChar","50","","","True",""
"Spatial_Filter_Table","3","3","WChar","255","","","True",""
"Spatial_Filter_Table","4","1164","Integer","","10","","True","0"
"Spatial_Filter_Table","5","1008","Boolean","2","","","False",""
"Spatial_Filter_Table","6","20","WChar","50","","","True",""
"Spatial_Filter_Table","7","21","Boolean","2","","","False",""
"Spatial_Filter_Table","8","6","Date","","","","True","#1/1/1990#"
"SpatialFilter_Grouping_Table","1","2","Integer","","10","","True","0"
"SpatialFilter_Grouping_Table","2","1","WChar","50","","","True",""
"SpatialFilter_Grouping_Table","3","1008","Boolean","2","","","False",""
"SpatialFilter_Grouping_Table","4","21","Boolean","2","","","False",""
"SpatialFilter_Grouping_Table","5","6","Date","","","","True","#1/1/1990#"
"SystemDefaultLegend_Table","1","200","Integer","","10","","True","0"
"SystemDefaultLegend_Table","2","210","Integer","","10","","True","0"
"SystemDefaultLegend_Table","3","211","Boolean","2","","","False",""
"TaskTemplate_Table","1","2","Integer","","10","","False",""
"TaskTemplate_Table","2","1","WChar","50","","","True",""
"TaskTemplate_Table","3","21","Boolean","2","","","False",""
"TaskTemplate_Table","4","6","Date","","","","True","#1/1/1990#"
"Vehicle_Wheel_Table","1","2","Integer","","10","","False",""
"Vehicle_Wheel_Table","2","123","Integer","","10","","True","1"
"Vehicle_Wheel_Table","3","3800","Integer","","10","","True","0"
"Vehicle_Wheel_Table","4","3801","Integer","","10","","True","0"
"Vehicle_Wheel_Table","5","3802","Double","","15","","True","0"
"Vehicle_Wheel_Table","6","3803","Double","","15","","True","0"
"Version_Table","1","2","Integer","","10","","True","0"
"Version_Table","2","1100","Integer","","10","","True","0"
"Version_Table","3","1101","Integer","","10","","True","0"
"Version_Table","4","1102","WChar","50","","","True",""
"Version_Table","5","1103","Integer","","10","","True","0"
"Version_Table","6","1104","Integer","","10","","True","0"
"Version_Table","7","1105","Date","","","","True","#1/1/1990#"
"WeatherAttributeTable","1","2","Integer","","10","","False","0"
"WeatherAttributeTable","2","1","WChar","60","","","True",""
"WeatherAttributeTable","3","1012","WChar","60","","","True",""
"WeatherAttributeTable","4","1001","WChar","60","","","True",""
"WeatherAttributeTable","5","1031","WChar","60","","","True",""
"WeatherAttributeTable","6","1032","WChar","255","","","True",""
"WeatherAttributeTable","7","1005","Boolean","2","","","False","No"
"WeatherAttributeTable","8","1006","Boolean","2","","","False","No"
"WeatherAttributeTable","9","1603","Integer","","10","","True","0"
"WeatherAttributeTable","10","1604","WChar","255","","","True",""
"WeatherChartDefault_Table","1","default_template_id","Integer","","10","","True","0"
"WeatherChartTemplate_Table","1","2","Integer","","10","","False","0"
"WeatherChartTemplate_Table","2","1","WChar","255","","","True",""
"WeatherChartTemplate_Table","3","115","WChar","255","","","True",""
"WeatherChartTemplate_Table","4","20","WChar","50","","","True",""
"WeatherZone_Table","1","2","Integer","","10","","False","0"
"WeatherZone_Table","2","1","WChar","80","","","True",""
"WeatherZone_Table","3","11","Double","","15","","True","0"
"WeatherZone_Table","4","12","Double","","15","","True","0"
"Year_Table","1","2","Integer","","10","","False",""
"Year_Table","2","1","WChar","80","","","True",""
"Year_Table","3","1200","Integer","","10","","True","0"
"Year_Table","4","10","WChar","0","","","True",""
"Year_Table","5","19","Boolean","2","","","False","Yes"
"Year_Table","6","21","Boolean","2","","","False",""
"Year_Table","7","20","WChar","50","","","True",""
"Year_Table","8","6","Date","","","","True",""
